"ALUMNE","CORREU","GRUP","MP01","MP02","MP03","MP04","MP05","MP06","MP07","MP08","MP09","MP10","MP11","MP12","MP13","MP14","MP15"
"Alumne Num. 1","alumnenum1@elpuig.xeill.net","SMX1B","X","X","X",,"X",,,,"X",,"X",,,,
"Alumne Num. 2","alumnenum2@elpuig.xeill.net","GA1","X",,"X",,,,"X",,"X","X",,"X",,,
"Alumne Num. 3","alumnenum3@elpuig.xeill.net","GA2",,,,"X",,"X","X",,,,"X",,,,
"Alumne Num. 4","alumnenum4@elpuig.xeill.net","GA1","X","X","X",,"X",,"X",,"X","X",,"X",,,
"Alumne Num. 5","alumnenum5@elpuig.xeill.net","SMX2B",,,,"X",,"X",,"X",,,,,,,
"Alumne Num. 6","alumnenum6@elpuig.xeill.net","GA2",,,,"X",,"X","X","X",,,"X",,"X",,
"Alumne Num. 7","alumnenum7@elpuig.xeill.net","SMX2A",,,"X","X",,"X","X","X",,"X",,"X","X",,
"Alumne Num. 8","alumnenum8@elpuig.xeill.net","SMX1B","X","X","X",,"X",,,,"X",,"X",,,,
"Alumne Num. 9","alumnenum9@elpuig.xeill.net","SMX2B",,,"X","X","X","X",,,,,,"X","X",,
"Alumne Num. 10","alumnenum10@elpuig.xeill.net","GA1","X","X","X",,"X",,"X",,"X","X",,"X",,,
"Alumne Num. 11","alumnenum11@elpuig.xeill.net","SMX1A Bis","X","X","X",,"X",,,,"X","X",,,,,
"Alumne Num. 12","alumnenum12@elpuig.xeill.net","SMX1C","X","X","X",,"X",,,,"X",,"X",,,,
"Alumne Num. 13","alumnenum13@elpuig.xeill.net","SMX1C","X","X","X",,"X",,,,"X",,"X",,,,
"Alumne Num. 14","alumnenum14@elpuig.xeill.net","GA2","X","X",,"X","X","X",,"X",,,"X",,"X",,
"Alumne Num. 15","alumnenum15@elpuig.xeill.net","SMX2A",,,"X","X",,"X","X","X",,"X",,"X","X",,
"Alumne Num. 16","alumnenum16@elpuig.xeill.net","GA1","X","X","X",,"X",,"X",,"X","X",,"X",,,
"Alumne Num. 17","alumnenum17@elpuig.xeill.net","SMX2B",,"X","X","X","X","X","X","X",,"X",,"X","X",,
"Alumne Num. 18","alumnenum18@elpuig.xeill.net","SMX2C",,,,"X",,"X","X","X",,"X",,"X","X",,
"Alumne Num. 19","alumnenum19@elpuig.xeill.net","SMX1C","X","X","X",,"X",,,,"X",,"X",,,,
"Alumne Num. 20","alumnenum20@elpuig.xeill.net","GA1","X","X","X",,"X",,"X",,"X","X",,"X",,,
"Alumne Num. 21","alumnenum21@elpuig.xeill.net","SMX2A",,,"X","X",,"X","X","X",,"X",,"X","X",,
"Alumne Num. 22","alumnenum22@elpuig.xeill.net","SMX2C",,,,"X","X","X","X","X",,"X","X","X","X",,
"Alumne Num. 23","alumnenum23@elpuig.xeill.net","SMX2C",,,,"X",,"X","X","X",,,,"X","X",,
"Alumne Num. 24","alumnenum24@elpuig.xeill.net","SMX2A",,,,"X",,"X","X","X",,"X",,"X","X",,
"Alumne Num. 25","alumnenum25@elpuig.xeill.net","SMX2B",,,"X","X","X","X","X","X",,"X",,"X","X",,
"Alumne Num. 26","alumnenum26@elpuig.xeill.net","SMX2A Bis",,,,,,,,,,,,"X","X",,
"Alumne Num. 27","alumnenum27@elpuig.xeill.net","GA2","X",,,"X","X",,,,,,,"X",,,
"Alumne Num. 28","alumnenum28@elpuig.xeill.net","SMX1B","X","X","X",,"X",,,,"X",,"X",,,,
"Alumne Num. 29","alumnenum29@elpuig.xeill.net","GA2","X",,,"X",,"X",,,,,"X",,,,
"Alumne Num. 30","alumnenum30@elpuig.xeill.net","SMX2C",,,,"X",,"X","X",,,,,"X",,,
"Alumne Num. 31","alumnenum31@elpuig.xeill.net","SMX1A","X","X","X",,"X",,,,"X",,"X",,,,
"Alumne Num. 32","alumnenum32@elpuig.xeill.net","SMX1A","X","X","X",,"X",,,,"X",,"X",,,,
"Alumne Num. 33","alumnenum33@elpuig.xeill.net","SMX2C",,,,"X","X","X","X","X",,"X",,"X","X",,
"Alumne Num. 34","alumnenum34@elpuig.xeill.net","SMX2A Bis",,"X",,"X","X","X","X","X","X","X","X","X","X",,
"Alumne Num. 35","alumnenum35@elpuig.xeill.net","GA1","X","X","X",,"X",,"X",,"X","X",,"X",,,
"Alumne Num. 36","alumnenum36@elpuig.xeill.net","SMX1B","X","X","X",,"X",,,,"X",,"X",,,,
"Alumne Num. 37","alumnenum37@elpuig.xeill.net","SMX1A","X","X","X",,"X",,,,"X",,"X",,,,
"Alumne Num. 38","alumnenum38@elpuig.xeill.net","SMX2B",,,,"X","X",,,,,,,,,,
"Alumne Num. 39","alumnenum39@elpuig.xeill.net","SMX2A Bis",,,,"X","X","X","X","X",,"X",,"X","X",,"X"
"Alumne Num. 40","alumnenum40@elpuig.xeill.net","SMX2A",,,"X","X",,"X","X","X",,"X",,"X","X",,
"Alumne Num. 41","alumnenum41@elpuig.xeill.net","GA2","X",,,"X","X","X","X","X",,,"X",,"X",,
"Alumne Num. 42","alumnenum42@elpuig.xeill.net","SMX2A",,,,"X",,"X","X","X",,"X",,"X","X",,
"Alumne Num. 43","alumnenum43@elpuig.xeill.net","GA1","X","X","X",,"X",,"X",,,"X",,"X",,,
"Alumne Num. 44","alumnenum44@elpuig.xeill.net","SMX1C","X","X","X",,"X",,,,"X",,"X",,,,
"Alumne Num. 45","alumnenum45@elpuig.xeill.net","SMX2B",,,"X","X","X","X","X","X",,"X",,"X","X",,
"Alumne Num. 46","alumnenum46@elpuig.xeill.net","SMX1A Bis","X","X","X",,"X",,,,"X",,"X",,,,
"Alumne Num. 47","alumnenum47@elpuig.xeill.net","SMX2B Bis",,,,"X",,"X","X","X",,,,"X",,,
"Alumne Num. 48","alumnenum48@elpuig.xeill.net","SMX2C",,,,"X",,"X","X","X",,,,"X","X",,
"Alumne Num. 49","alumnenum49@elpuig.xeill.net","SMX1B","X","X","X",,"X",,,,"X",,"X",,,,
"Alumne Num. 50","alumnenum50@elpuig.xeill.net","GA2",,,,"X",,"X","X","X",,,"X",,"X",,
"Alumne Num. 51","alumnenum51@elpuig.xeill.net","GA1","X","X","X",,"X",,"X",,"X","X",,"X",,,
"Alumne Num. 52","alumnenum52@elpuig.xeill.net","GA2",,,,"X",,"X","X","X",,,"X",,"X",,
"Alumne Num. 53","alumnenum53@elpuig.xeill.net","SMX1B","X","X","X",,"X",,,,"X",,"X",,,,
"Alumne Num. 54","alumnenum54@elpuig.xeill.net","SMX1A","X","X","X",,"X",,,,"X",,,"X",,,
"Alumne Num. 55","alumnenum55@elpuig.xeill.net","SMX2C",,,,"X",,"X","X","X",,"X",,"X","X",,
"Alumne Num. 56","alumnenum56@elpuig.xeill.net","SMX2B",,,,,"X","X",,,,,,,"X",,
"Alumne Num. 57","alumnenum57@elpuig.xeill.net","SMX2C",,,,"X","X","X","X","X",,"X",,"X","X",,
"Alumne Num. 58","alumnenum58@elpuig.xeill.net","GA2",,,,,,,"X",,,,,,"X",,
"Alumne Num. 59","alumnenum59@elpuig.xeill.net","GA1","X","X","X",,"X",,"X",,"X","X",,"X",,,
"Alumne Num. 60","alumnenum60@elpuig.xeill.net","GA2",,,,"X",,"X","X","X",,,"X",,"X",,
"Alumne Num. 61","alumnenum61@elpuig.xeill.net","SMX2A",,,"X","X","X","X","X","X",,"X",,"X","X",,
"Alumne Num. 62","alumnenum62@elpuig.xeill.net","GA2","X",,,"X","X",,,,"X",,,,,,
"Alumne Num. 63","alumnenum63@elpuig.xeill.net","SMX2C",,,,"X",,"X","X","X",,"X",,"X","X",,
"Alumne Num. 64","alumnenum64@elpuig.xeill.net","SMX1B","X","X","X",,"X",,,,"X",,"X",,,,
"Alumne Num. 65","alumnenum65@elpuig.xeill.net","GA2","X",,,,,,,"X","X",,"X","X",,,
"Alumne Num. 66","alumnenum66@elpuig.xeill.net","SMX1A","X","X","X",,"X",,,,"X",,"X",,,,
"Alumne Num. 67","alumnenum67@elpuig.xeill.net","GA2","X",,,"X","X",,,,,,,"X",,,
"Alumne Num. 68","alumnenum68@elpuig.xeill.net","SMX2C",,,,"X",,"X","X","X",,"X",,"X","X",,
"Alumne Num. 69","alumnenum69@elpuig.xeill.net","SMX1A","X","X","X",,"X",,,,"X",,"X",,,,
"Alumne Num. 70","alumnenum70@elpuig.xeill.net","SMX1B","X","X","X",,"X",,,,"X",,"X",,,,
"Alumne Num. 71","alumnenum71@elpuig.xeill.net","SMX2B Bis",,,"X","X","X","X","X","X",,"X",,"X","X",,
"Alumne Num. 72","alumnenum72@elpuig.xeill.net","SMX1B","X","X","X",,"X",,,,"X",,"X",,,,
"Alumne Num. 73","alumnenum73@elpuig.xeill.net","GA1","X","X","X",,"X",,"X",,"X","X",,"X",,,
"Alumne Num. 74","alumnenum74@elpuig.xeill.net","SMX1A","X","X","X",,"X",,,,"X",,"X",,,,
"Alumne Num. 75","alumnenum75@elpuig.xeill.net","GA1","X","X","X",,"X",,"X",,"X","X",,"X",,,
"Alumne Num. 76","alumnenum76@elpuig.xeill.net","SMX1A","X","X","X",,"X",,,,"X",,"X",,,,
"Alumne Num. 77","alumnenum77@elpuig.xeill.net","GA2","X",,,"X",,"X","X","X","X","X","X",,"X",,
"Alumne Num. 78","alumnenum78@elpuig.xeill.net","SMX1C","X","X","X",,"X",,,,"X",,"X",,,,
"Alumne Num. 79","alumnenum79@elpuig.xeill.net","GA1","X","X","X",,"X",,"X",,"X","X",,"X",,,
"Alumne Num. 80","alumnenum80@elpuig.xeill.net","SMX2A",,,"X","X",,"X","X","X","X","X",,"X","X",,
"Alumne Num. 81","alumnenum81@elpuig.xeill.net","GA1","X","X","X",,"X",,"X",,"X","X",,"X",,,
"Alumne Num. 82","alumnenum82@elpuig.xeill.net","SMX1C","X","X","X",,"X",,,,"X",,"X",,,,
"Alumne Num. 83","alumnenum83@elpuig.xeill.net","SMX2A",,,,"X",,"X","X","X",,"X",,"X","X",,
"Alumne Num. 84","alumnenum84@elpuig.xeill.net","GA2","X",,"X","X","X",,,,,,,,,,
"Alumne Num. 85","alumnenum85@elpuig.xeill.net","SMX1B","X","X","X",,"X",,,,"X",,"X",,,,
"Alumne Num. 86","alumnenum86@elpuig.xeill.net","SMX2C",,,,"X","X","X","X","X",,"X",,"X","X",,
"Alumne Num. 87","alumnenum87@elpuig.xeill.net","SMX1A","X","X","X",,"X",,,,"X",,"X",,,,
"Alumne Num. 88","alumnenum88@elpuig.xeill.net","SMX2C",,,,"X",,"X","X","X",,"X",,"X","X",,
"Alumne Num. 89","alumnenum89@elpuig.xeill.net","SMX1A","X","X","X",,"X",,,,"X",,"X",,,,
"Alumne Num. 90","alumnenum90@elpuig.xeill.net","SMX1C","X","X","X",,"X",,,,"X",,"X",,,,
"Alumne Num. 91","alumnenum91@elpuig.xeill.net","SMX1C","X","X","X",,"X",,,,"X",,"X",,,,
"Alumne Num. 92","alumnenum92@elpuig.xeill.net","SMX1C","X","X","X",,"X",,,,"X",,"X",,,,
"Alumne Num. 93","alumnenum93@elpuig.xeill.net","GA1","X","X","X",,"X",,"X",,"X","X",,"X",,,
"Alumne Num. 94","alumnenum94@elpuig.xeill.net","SMX2A",,,,"X",,"X","X","X",,"X",,"X","X",,
"Alumne Num. 95","alumnenum95@elpuig.xeill.net","SMX2A",,,,"X",,"X","X","X",,"X",,"X","X",,
"Alumne Num. 96","alumnenum96@elpuig.xeill.net","SMX2C",,,,"X",,"X","X","X",,"X",,"X","X",,
"Alumne Num. 97","alumnenum97@elpuig.xeill.net","SMX2C",,,,"X",,"X","X","X",,"X",,"X","X",,
"Alumne Num. 98","alumnenum98@elpuig.xeill.net","SMX1B","X","X","X",,"X",,,,"X",,"X",,,,
"Alumne Num. 99","alumnenum99@elpuig.xeill.net","SMX2B",,,"X","X","X","X","X","X",,"X",,"X","X",,
"Alumne Num. 100","alumnenum100@elpuig.xeill.net","SMX2B",,,"X","X","X","X","X","X",,"X",,"X","X",,
"Alumne Num. 101","alumnenum101@elpuig.xeill.net","GA1","X","X","X",,"X",,"X",,"X","X",,"X",,,
"Alumne Num. 102","alumnenum102@elpuig.xeill.net","SMX1A","X","X","X",,"X",,,,"X",,"X",,,,
"Alumne Num. 103","alumnenum103@elpuig.xeill.net","GA1","X","X","X",,"X",,"X",,,"X",,"X",,,
"Alumne Num. 104","alumnenum104@elpuig.xeill.net","SMX1A","X","X","X",,"X",,,,"X",,"X",,,,
"Alumne Num. 105","alumnenum105@elpuig.xeill.net","GA1","X","X","X",,"X",,"X",,"X","X",,"X",,,
"Alumne Num. 106","alumnenum106@elpuig.xeill.net","SMX1C","X","X","X",,"X",,,,"X",,"X",,,,
"Alumne Num. 107","alumnenum107@elpuig.xeill.net","SMX1B","X","X","X",,"X",,,,"X",,"X",,,,
"Alumne Num. 108","alumnenum108@elpuig.xeill.net","GA1","X","X","X",,"X",,"X",,"X","X",,"X",,,
"Alumne Num. 109","alumnenum109@elpuig.xeill.net","SMX2B",,,"X","X","X","X","X","X",,"X",,"X","X",,
"Alumne Num. 110","alumnenum110@elpuig.xeill.net","SMX1A","X","X","X",,"X",,,,"X",,"X",,,,
"Alumne Num. 111","alumnenum111@elpuig.xeill.net","GA2","X",,,"X","X",,,,,,,,,,
"Alumne Num. 112","alumnenum112@elpuig.xeill.net","SMX1A","X","X","X",,"X",,,,"X",,"X",,,,
"Alumne Num. 113","alumnenum113@elpuig.xeill.net","SMX2C",,,,"X",,"X",,,,,,,,,
"Alumne Num. 114","alumnenum114@elpuig.xeill.net","SMX1C","X","X","X",,"X",,,,"X",,"X",,,,
"Alumne Num. 115","alumnenum115@elpuig.xeill.net","GA1","X","X","X",,"X",,"X",,"X","X",,"X",,,
"Alumne Num. 116","alumnenum116@elpuig.xeill.net","GA2","X",,,"X",,"X","X","X",,,"X",,"X",,
"Alumne Num. 117","alumnenum117@elpuig.xeill.net","SMX1C","X","X","X",,"X",,,,"X",,"X",,,,
"Alumne Num. 118","alumnenum118@elpuig.xeill.net","SMX2B",,,"X","X","X","X","X","X","X","X",,"X","X",,
"Alumne Num. 119","alumnenum119@elpuig.xeill.net","GA2",,,,"X",,"X","X","X",,,"X",,"X",,
"Alumne Num. 120","alumnenum120@elpuig.xeill.net","GA1","X","X","X",,"X",,"X",,"X","X",,"X",,,
"Alumne Num. 121","alumnenum121@elpuig.xeill.net","SMX2C",,,,"X",,"X","X","X",,"X",,"X","X",,
"Alumne Num. 122","alumnenum122@elpuig.xeill.net","GA2",,,,"X",,"X","X","X",,,"X",,"X",,
"Alumne Num. 123","alumnenum123@elpuig.xeill.net","SMX1A","X","X","X",,"X",,,,"X",,"X",,,,
"Alumne Num. 124","alumnenum124@elpuig.xeill.net","GA1","X","X","X",,"X",,"X",,,"X",,,,,
"Alumne Num. 125","alumnenum125@elpuig.xeill.net","SMX2C",,,,"X",,"X","X","X",,"X",,,,,
"Alumne Num. 126","alumnenum126@elpuig.xeill.net","GA1",,,,"X",,"X",,,,,"X",,"X",,
"Alumne Num. 127","alumnenum127@elpuig.xeill.net","SMX1B","X","X","X",,"X",,,,"X",,"X",,,,
"Alumne Num. 128","alumnenum128@elpuig.xeill.net","SMX2C",,,,"X",,"X","X","X",,"X",,"X","X",,
"Alumne Num. 129","alumnenum129@elpuig.xeill.net","SMX2C",,,,"X",,"X",,,"X",,,,,,
"Alumne Num. 130","alumnenum130@elpuig.xeill.net","GA2","X",,,"X",,"X","X","X",,,"X",,"X",,
"Alumne Num. 131","alumnenum131@elpuig.xeill.net","SMX1C","X","X","X",,"X",,,,"X",,"X",,,,
"Alumne Num. 132","alumnenum132@elpuig.xeill.net","SMX2C",,"X",,"X","X","X","X","X","X","X",,"X","X",,
"Alumne Num. 133","alumnenum133@elpuig.xeill.net","SMX2B",,,,,,,"X","X",,,,"X",,,
"Alumne Num. 134","alumnenum134@elpuig.xeill.net","SMX1B","X","X","X",,"X","X",,,"X",,,,,,
"Alumne Num. 135","alumnenum135@elpuig.xeill.net","SMX2A",,,,"X",,"X","X","X",,"X",,"X","X",,
"Alumne Num. 136","alumnenum136@elpuig.xeill.net","SMX2A",,,,,,,,,,,,,"X",,
"Alumne Num. 137","alumnenum137@elpuig.xeill.net","GA1","X","X","X",,"X",,"X",,"X","X",,"X",,,
"Alumne Num. 138","alumnenum138@elpuig.xeill.net","SMX2B",,,,"X","X","X","X","X",,,,"X",,,
"Alumne Num. 139","alumnenum139@elpuig.xeill.net","SMX2B",,,,"X",,"X","X","X",,,,"X",,,
"Alumne Num. 140","alumnenum140@elpuig.xeill.net","GA1","X","X","X",,"X",,"X",,"X","X",,"X",,,
"Alumne Num. 141","alumnenum141@elpuig.xeill.net","SMX2C",,,,"X",,"X","X","X",,"X","X","X","X",,
"Alumne Num. 142","alumnenum142@elpuig.xeill.net","SMX1C","X","X","X",,"X",,,,"X",,"X",,,,
"Alumne Num. 143","alumnenum143@elpuig.xeill.net","SMX2B",,,,"X","X","X","X","X",,"X",,"X",,,
"Alumne Num. 144","alumnenum144@elpuig.xeill.net","GA2","X",,,"X","X",,"X",,"X",,,,,,
"Alumne Num. 145","alumnenum145@elpuig.xeill.net","SMX2A",,,,"X",,"X","X","X",,"X",,"X","X",,"X"
"Alumne Num. 146","alumnenum146@elpuig.xeill.net","SMX1B","X","X","X",,"X",,,,"X",,"X",,,,
"Alumne Num. 147","alumnenum147@elpuig.xeill.net","SMX2B Bis",,,,"X",,"X","X","X","X","X",,"X","X",,
"Alumne Num. 148","alumnenum148@elpuig.xeill.net","GA2","X",,,"X",,"X","X","X",,,"X",,"X",,
"Alumne Num. 149","alumnenum149@elpuig.xeill.net","DAM2A",,"X","X",,"X","X","X","X","X","X",,,"X","X",
"Alumne Num. 150","alumnenum150@elpuig.xeill.net","ASIX2","X","X","X","X","X","X","X","X","X","X","X","X","X","X","X"
"Alumne Num. 151","alumnenum151@elpuig.xeill.net","ASIX2","X","X","X","X","X","X","X","X","X","X","X","X","X","X","X"
"Alumne Num. 152","alumnenum152@elpuig.xeill.net","ASIX2","X","X","X","X","X","X","X","X","X","X","X","X","X","X","X"
"Alumne Num. 153","alumnenum153@elpuig.xeill.net","DAM2A",,"X","X",,"X","X","X","X","X","X",,,"X","X",
"Alumne Num. 154","alumnenum154@elpuig.xeill.net","AF2",,"X","X","X",,"X",,"X","X",,"X",,"X","X",
"Alumne Num. 155","alumnenum155@elpuig.xeill.net","DAM2A",,"X","X",,"X","X","X","X","X","X",,,"X","X",
"Alumne Num. 156","alumnenum156@elpuig.xeill.net","AF1","X",,"X",,"X","X","X",,,"X",,"X",,,
"Alumne Num. 157","alumnenum157@elpuig.xeill.net","ASIX2","X","X","X","X","X","X","X","X","X","X","X","X","X","X","X"
"Alumne Num. 158","alumnenum158@elpuig.xeill.net","AF1","X",,"X",,"X","X","X",,,"X",,"X",,,
"Alumne Num. 159","alumnenum159@elpuig.xeill.net","AF1","X",,"X",,"X","X","X",,,"X",,"X",,,
"Alumne Num. 160","alumnenum160@elpuig.xeill.net","AF2",,"X","X","X","X","X",,"X","X",,"X",,"X","X",
"Alumne Num. 161","alumnenum161@elpuig.xeill.net","AF2",,"X",,"X",,"X",,"X","X",,"X",,"X","X",
"Alumne Num. 162","alumnenum162@elpuig.xeill.net","DAM2A",,"X","X",,"X","X","X","X","X","X",,,"X","X",
"Alumne Num. 163","alumnenum163@elpuig.xeill.net","ASIX2",,"X","X",,,,,,,"X","X",,,"X",
"Alumne Num. 164","alumnenum164@elpuig.xeill.net","AF1","X",,"X",,"X","X","X",,,"X",,"X",,,
"Alumne Num. 165","alumnenum165@elpuig.xeill.net","ASIX2","X","X","X","X","X","X","X","X","X","X","X","X","X","X","X"
"Alumne Num. 166","alumnenum166@elpuig.xeill.net","AF2","X","X","X","X","X","X",,"X","X",,"X",,"X","X",
"Alumne Num. 167","alumnenum167@elpuig.xeill.net","DAM2A",,"X","X",,"X","X","X","X","X","X",,,"X","X",
"Alumne Num. 168","alumnenum168@elpuig.xeill.net","AF2",,"X",,"X",,"X",,"X","X",,"X",,"X","X",
"Alumne Num. 169","alumnenum169@elpuig.xeill.net","AF1","X",,"X",,"X","X","X",,,"X",,"X",,,
"Alumne Num. 170","alumnenum170@elpuig.xeill.net","DAM1B","X","X","X","X",,,,,,,"X","X",,,
"Alumne Num. 171","alumnenum171@elpuig.xeill.net","DAM1B","X","X","X","X",,,,,,,"X","X",,,
"Alumne Num. 172","alumnenum172@elpuig.xeill.net","DAM2A",,"X","X",,"X","X","X","X","X","X",,,"X","X",
"Alumne Num. 173","alumnenum173@elpuig.xeill.net","AF1",,,,,"X","X","X",,,"X",,,,,
"Alumne Num. 174","alumnenum174@elpuig.xeill.net","DAM1A","X","X","X","X",,,,,,,"X","X",,,
"Alumne Num. 175","alumnenum175@elpuig.xeill.net","AF1","X",,"X","X","X","X","X",,,"X",,"X",,,
"Alumne Num. 176","alumnenum176@elpuig.xeill.net","DAM1A",,,,,,,,,,,"X","X",,,
"Alumne Num. 177","alumnenum177@elpuig.xeill.net","DAM1B","X","X","X","X",,,,,,,"X","X",,,
"Alumne Num. 178","alumnenum178@elpuig.xeill.net","DAM1A","X","X","X","X",,,,,,,"X","X",,,
"Alumne Num. 179","alumnenum179@elpuig.xeill.net","DAM2A",,"X","X",,"X","X","X","X","X","X",,,"X","X",
"Alumne Num. 180","alumnenum180@elpuig.xeill.net","DAM2A",,"X","X",,"X","X","X","X","X","X",,,"X","X",
"Alumne Num. 181","alumnenum181@elpuig.xeill.net","DAM1A","X","X",,,,,,,,,,,,,
"Alumne Num. 182","alumnenum182@elpuig.xeill.net","DAM1A","X","X","X","X",,,,,,,"X","X",,,
"Alumne Num. 183","alumnenum183@elpuig.xeill.net","AF1","X",,"X",,"X","X","X",,,"X",,"X",,,
"Alumne Num. 184","alumnenum184@elpuig.xeill.net","DAM1A","X","X","X","X",,,,,,,"X","X",,,
"Alumne Num. 185","alumnenum185@elpuig.xeill.net","DAM2A",,,,,,,,"X",,,,,,,
"Alumne Num. 186","alumnenum186@elpuig.xeill.net","DAM1A","X","X","X","X",,,,,,,"X","X",,,
"Alumne Num. 187","alumnenum187@elpuig.xeill.net","AF1","X",,"X",,"X","X","X",,,"X",,"X",,,
"Alumne Num. 188","alumnenum188@elpuig.xeill.net","ASIX2","X","X","X","X","X","X","X","X","X","X","X","X","X","X","X"
"Alumne Num. 189","alumnenum189@elpuig.xeill.net","DAM1B","X","X","X","X",,,,,,,"X","X",,,
"Alumne Num. 190","alumnenum190@elpuig.xeill.net","DAM1B","X","X","X","X",,,,,,,"X","X",,,
"Alumne Num. 191","alumnenum191@elpuig.xeill.net","ASIX2","X","X","X","X","X","X","X","X","X","X","X","X","X","X","X"
"Alumne Num. 192","alumnenum192@elpuig.xeill.net","DAM1A","X","X","X","X",,,,,,,"X","X",,,
"Alumne Num. 193","alumnenum193@elpuig.xeill.net","DAM1A","X","X","X","X",,,,,,,"X","X",,,
"Alumne Num. 194","alumnenum194@elpuig.xeill.net","ASIX2",,"X",,,,,"X",,,"X","X",,,"X","X"
"Alumne Num. 195","alumnenum195@elpuig.xeill.net","DAM1B","X","X","X","X",,,,,,,"X","X",,,
"Alumne Num. 196","alumnenum196@elpuig.xeill.net","DAM1B","X","X","X","X",,,,,,,"X","X",,,
"Alumne Num. 197","alumnenum197@elpuig.xeill.net","AF2",,"X","X","X",,"X","X",,,,"X",,"X","X",
"Alumne Num. 198","alumnenum198@elpuig.xeill.net","AF2","X","X","X","X",,"X","X","X","X",,"X",,"X","X",
"Alumne Num. 199","alumnenum199@elpuig.xeill.net","AF1","X",,"X",,"X","X","X",,,"X",,"X",,,
"Alumne Num. 200","alumnenum200@elpuig.xeill.net","AF1","X",,"X",,"X","X","X",,,"X",,"X",,,
"Alumne Num. 201","alumnenum201@elpuig.xeill.net","AF1","X",,"X",,"X","X","X",,,"X",,"X",,,
"Alumne Num. 202","alumnenum202@elpuig.xeill.net","DAM1B","X","X","X","X",,,,,,,"X","X",,,
"Alumne Num. 203","alumnenum203@elpuig.xeill.net","DAM1B","X","X","X","X",,,,,,,"X","X",,,
"Alumne Num. 204","alumnenum204@elpuig.xeill.net","AF2",,"X",,"X",,"X",,"X","X",,"X",,"X","X",
"Alumne Num. 205","alumnenum205@elpuig.xeill.net","DAM1B","X","X","X","X",,,,,,,"X","X",,,
"Alumne Num. 206","alumnenum206@elpuig.xeill.net","DAM1B","X","X","X","X",,,,,,,"X","X",,,
"Alumne Num. 207","alumnenum207@elpuig.xeill.net","DAM2A",,"X","X",,"X","X","X","X","X","X",,,"X","X",
"Alumne Num. 208","alumnenum208@elpuig.xeill.net","AF2",,"X",,"X",,"X",,"X","X",,"X",,"X","X",
"Alumne Num. 209","alumnenum209@elpuig.xeill.net","AF2",,"X",,"X",,"X",,"X","X",,"X",,"X","X",
"Alumne Num. 210","alumnenum210@elpuig.xeill.net","DAM1B","X","X","X","X",,,,,,,"X","X",,,
"Alumne Num. 211","alumnenum211@elpuig.xeill.net","DAM1B","X","X","X","X",,,,,,,"X","X",,,
"Alumne Num. 212","alumnenum212@elpuig.xeill.net","ASIX2",,,,,,,"X","X","X",,"X","X",,"X",
"Alumne Num. 213","alumnenum213@elpuig.xeill.net","DAM2A",,"X","X",,"X","X","X","X","X","X",,,"X","X",
"Alumne Num. 214","alumnenum214@elpuig.xeill.net","ASIX2","X","X","X","X","X","X","X","X","X","X","X","X","X","X","X"
"Alumne Num. 215","alumnenum215@elpuig.xeill.net","AF1","X",,"X",,"X","X","X",,,"X",,"X",,,
"Alumne Num. 216","alumnenum216@elpuig.xeill.net","DAM1A",,,,,,,,,,,"X",,,,
"Alumne Num. 217","alumnenum217@elpuig.xeill.net","ASIX2","X","X","X","X","X","X","X","X","X","X","X","X","X","X","X"
"Alumne Num. 218","alumnenum218@elpuig.xeill.net","DAM1B","X","X","X","X",,,,,,,"X","X",,,
"Alumne Num. 219","alumnenum219@elpuig.xeill.net","DAM2A",,"X","X",,"X","X","X","X","X","X",,,"X","X",
"Alumne Num. 220","alumnenum220@elpuig.xeill.net","AF2",,"X",,"X",,"X",,"X","X",,"X",,"X","X",
"Alumne Num. 221","alumnenum221@elpuig.xeill.net","DAM2A",,"X","X",,"X","X","X","X","X","X",,,"X","X",
"Alumne Num. 222","alumnenum222@elpuig.xeill.net","DAM2A",,"X","X",,"X","X","X","X","X","X",,,"X","X",
"Alumne Num. 223","alumnenum223@elpuig.xeill.net","DAM2A",,"X","X",,"X","X","X","X","X","X",,,"X","X",
"Alumne Num. 224","alumnenum224@elpuig.xeill.net","AF1","X",,"X",,"X","X","X",,,"X",,"X",,,
"Alumne Num. 225","alumnenum225@elpuig.xeill.net","AF2",,,"X",,,,,"X",,,,,,,
"Alumne Num. 226","alumnenum226@elpuig.xeill.net","DAM1A","X","X","X","X",,,,,,,"X","X",,,
"Alumne Num. 227","alumnenum227@elpuig.xeill.net","AF1","X",,"X",,"X","X","X",,,"X",,"X",,,
"Alumne Num. 228","alumnenum228@elpuig.xeill.net","DAM2A",,"X","X",,"X","X","X","X","X","X",,,"X","X",
"Alumne Num. 229","alumnenum229@elpuig.xeill.net","AF1","X",,"X",,"X","X","X",,,"X",,"X",,,
"Alumne Num. 230","alumnenum230@elpuig.xeill.net","AF1","X",,"X",,"X","X","X",,,"X",,"X",,,
"Alumne Num. 231","alumnenum231@elpuig.xeill.net","DAM2A",,"X","X",,"X","X","X","X","X","X",,,"X","X",
"Alumne Num. 232","alumnenum232@elpuig.xeill.net","DAM1B","X","X","X","X",,,,,,,"X","X",,,
"Alumne Num. 233","alumnenum233@elpuig.xeill.net","AF2",,"X",,"X",,"X",,"X","X",,"X",,"X","X",
"Alumne Num. 234","alumnenum234@elpuig.xeill.net","DAM2A",,"X","X",,"X","X","X","X","X","X",,,"X","X",
"Alumne Num. 235","alumnenum235@elpuig.xeill.net","AF1","X",,"X",,"X","X","X",,,"X",,"X",,,
"Alumne Num. 236","alumnenum236@elpuig.xeill.net","AF2",,"X",,"X",,"X",,"X","X",,"X",,"X",,
"Alumne Num. 237","alumnenum237@elpuig.xeill.net","DAM1B","X","X","X","X",,,,,,,"X","X",,,
"Alumne Num. 238","alumnenum238@elpuig.xeill.net","ASIX2","X","X","X","X","X","X","X","X","X","X","X","X","X","X","X"
"Alumne Num. 239","alumnenum239@elpuig.xeill.net","AF1","X",,"X",,"X","X","X",,,"X",,"X",,,
"Alumne Num. 240","alumnenum240@elpuig.xeill.net","ASIX2","X","X","X","X","X","X","X","X","X","X","X","X","X","X","X"
"Alumne Num. 241","alumnenum241@elpuig.xeill.net","DAM1B","X","X","X","X",,,,,,,"X","X",,,
"Alumne Num. 242","alumnenum242@elpuig.xeill.net","DAM2A",,"X","X",,"X","X","X","X","X","X",,,"X","X",
"Alumne Num. 243","alumnenum243@elpuig.xeill.net","AF1","X",,"X",,"X","X","X",,,"X",,"X",,,
"Alumne Num. 244","alumnenum244@elpuig.xeill.net","DAM1A","X","X","X","X",,,,,,,"X","X",,,
"Alumne Num. 245","alumnenum245@elpuig.xeill.net","DAM1B","X","X","X","X",,,,,,,"X","X",,,
"Alumne Num. 246","alumnenum246@elpuig.xeill.net","AF2",,"X","X","X",,"X","X","X","X","X","X",,"X",,
"Alumne Num. 247","alumnenum247@elpuig.xeill.net","DAM1A","X","X","X","X",,,,,,,"X","X",,,
"Alumne Num. 248","alumnenum248@elpuig.xeill.net","DAM1A","X","X","X","X",,,,,,,"X","X",,,
"Alumne Num. 249","alumnenum249@elpuig.xeill.net","DAM1B","X","X","X","X",,,,,,,"X","X",,,
"Alumne Num. 250","alumnenum250@elpuig.xeill.net","DAM2A",,"X","X",,"X","X","X","X","X","X",,,"X","X",
"Alumne Num. 251","alumnenum251@elpuig.xeill.net","ASIX2","X","X","X","X","X","X","X","X","X","X","X","X","X","X","X"
"Alumne Num. 252","alumnenum252@elpuig.xeill.net","ASIX2","X","X","X","X","X","X","X","X","X","X","X","X","X","X","X"
"Alumne Num. 253","alumnenum253@elpuig.xeill.net","AF2",,"X","X","X",,"X",,"X","X",,"X",,"X","X",
"Alumne Num. 254","alumnenum254@elpuig.xeill.net","DAM2A",,"X","X",,"X","X","X","X","X","X",,,"X","X",
"Alumne Num. 255","alumnenum255@elpuig.xeill.net","AF2",,"X",,"X",,"X",,"X","X",,"X",,"X","X",
"Alumne Num. 256","alumnenum256@elpuig.xeill.net","DAM1B","X","X","X","X",,,,,,,"X","X",,,
"Alumne Num. 257","alumnenum257@elpuig.xeill.net","DAM1A","X","X","X","X",,,,,,,"X","X",,,
"Alumne Num. 258","alumnenum258@elpuig.xeill.net","AF1","X",,"X",,"X","X","X",,,"X",,"X",,,
"Alumne Num. 259","alumnenum259@elpuig.xeill.net","AF1","X",,"X",,"X","X","X",,,"X",,"X",,,
"Alumne Num. 260","alumnenum260@elpuig.xeill.net","AF2",,"X","X","X",,"X",,"X","X",,"X",,"X","X",
"Alumne Num. 261","alumnenum261@elpuig.xeill.net","AF1","X",,"X",,"X","X","X",,,"X",,"X",,,
"Alumne Num. 262","alumnenum262@elpuig.xeill.net","AF1","X",,"X",,"X","X","X",,,"X",,"X",,,
"Alumne Num. 263","alumnenum263@elpuig.xeill.net","AF1","X",,"X",,"X","X","X",,,"X",,"X",,,
"Alumne Num. 264","alumnenum264@elpuig.xeill.net","DAM1B","X","X","X","X",,,,,,,"X","X",,,
"Alumne Num. 265","alumnenum265@elpuig.xeill.net","DAM1A","X","X","X","X",,,,,,,"X","X",,,
"Alumne Num. 266","alumnenum266@elpuig.xeill.net","DAM1A","X","X","X","X",,,,,,,"X","X",,,
"Alumne Num. 267","alumnenum267@elpuig.xeill.net","DAM2A",,"X","X",,"X","X","X","X","X","X",,,"X","X",
"Alumne Num. 268","alumnenum268@elpuig.xeill.net","DAM1A","X","X","X","X",,,,,,,"X","X",,,
"Alumne Num. 269","alumnenum269@elpuig.xeill.net","DAM1A","X","X","X","X",,,,,,,"X","X",,,
"Alumne Num. 270","alumnenum270@elpuig.xeill.net","ASIX2",,"X","X",,,,,,,"X",,,,"X",
"Alumne Num. 271","alumnenum271@elpuig.xeill.net","ASIX2","X","X","X","X","X","X","X","X","X","X","X","X","X","X","X"
"Alumne Num. 272","alumnenum272@elpuig.xeill.net","AF2","X","X","X","X","X","X","X","X","X","X","X",,"X","X",
"Alumne Num. 273","alumnenum273@elpuig.xeill.net","DAM2A",,"X","X",,"X","X","X","X","X","X",,,"X","X",
"Alumne Num. 274","alumnenum274@elpuig.xeill.net","ASIX2","X","X",,"X","X","X","X","X","X","X","X","X","X",,
"Alumne Num. 275","alumnenum275@elpuig.xeill.net","DAM2A",,"X","X",,"X","X","X","X","X","X",,,"X","X",
"Alumne Num. 276","alumnenum276@elpuig.xeill.net","DAM1B","X","X","X","X",,,,,,,"X","X",,,
"Alumne Num. 277","alumnenum277@elpuig.xeill.net","DAM2A",,"X","X",,,"X","X","X","X",,,,"X","X",
"Alumne Num. 278","alumnenum278@elpuig.xeill.net","DAM2A",,"X","X",,"X","X","X","X","X","X",,,"X","X",
"Alumne Num. 279","alumnenum279@elpuig.xeill.net","DAM1A","X","X","X","X",,,,,,,"X","X",,,
"Alumne Num. 280","alumnenum280@elpuig.xeill.net","AF2",,"X",,"X",,"X",,"X","X",,"X",,"X","X",
"Alumne Num. 281","alumnenum281@elpuig.xeill.net","DAM1A","X","X","X","X",,,,,,,"X","X",,,
"Alumne Num. 282","alumnenum282@elpuig.xeill.net","DAM1A","X","X","X","X",,,,,,,"X","X",,,
"Alumne Num. 283","alumnenum283@elpuig.xeill.net","DAM1A","X","X","X","X",,,,,,,"X","X",,,
"Alumne Num. 284","alumnenum284@elpuig.xeill.net","DAM1A","X","X","X","X",,,,,,,"X","X",,,
"Alumne Num. 285","alumnenum285@elpuig.xeill.net","AF2","X","X","X","X","X","X","X","X","X","X","X",,"X","X",
"Alumne Num. 286","alumnenum286@elpuig.xeill.net","DAM2A",,"X","X",,"X",,,"X","X","X",,,,,
"Alumne Num. 287","alumnenum287@elpuig.xeill.net","AF1","X",,"X",,"X","X","X",,,"X",,"X",,,
"Alumne Num. 288","alumnenum288@elpuig.xeill.net","DAM1B","X","X","X","X",,,,,,,"X","X",,,
"Alumne Num. 289","alumnenum289@elpuig.xeill.net","DAM1A","X","X","X","X",,,,,,,"X","X",,,
