"Timestamp","Email Address","Si us plau, tria el teu cicle:","Tria l'ítem que vols avaluar:","Tria l'ítem que vols avaluar:","Tria l'ítem que vols avaluar:","Tria l'ítem que vols avaluar:","Tria l'ítem que vols avaluar:","Avalua la metodologia d'aprenentatge, l'organització de la classe i l'assistència rebuda.","Penses que la manera d'avaluar és l'adequada?","Penses que el que has après pot ser útil a la teva futura vida professional?","Penses que el material triat pel professor és l'adequat? (Llibre o apunts, Moodle, activitats, transparències, videotutorials...)","Si us plau, fes una proposta per millorar el mòdul. (Opcional, però molt important si penses que hi ha coses per polir. Longitud màxima: 280 caràcters.)","Valora el grau d'atenció que reps i la capacitat d'escoltar del tutor.","Valora el grau de disponibilitat del tutor.","Penses que el tutor et manté prou informat? (De dates del curs, informació relativa al cicle, activitats de l'institut, beques, etc.)","Si us plau, fes una proposta per millorar la tutoria. (Opcional, però molt important si penses que hi ha coses per polir. Longitud màxima: 280 caràcters.)","Valora el grau d'atenció que reps i la capacitat d'escoltar del tutor.","Valora el grau de disponibilitat del tutor.","Penses que el tutor et manté prou informat? (De dates del curs, informació relativa al cicle, activitats de l'institut, beques, etc.)","Valora l'orientació rebuda sobre les sortides acadèmiques i professionals en acabar el cicle. (Accés a la universitat, altres CFGS, etc.)","Si us plau, fes una proposta per millorar la tutoria. (Opcional, però molt important si penses que hi ha coses per polir. Longitud màxima: 280 caràcters.)","Creus que les relacions entre les persones del centre són bones?","T'identifiques amb el centre? (T'agrada, el sents teu...)","Es resolen els conflictes de convivència correctament?","Funcionen bé els serveis de borsa de treball i biblioteca?","T’agraden les activitats extraescolars que es fan dins i fora del centre? (Xerrades, competicions esportives, sortides...)","Estàs globalment satisfet de la teva estada al centre?","Si us plau, fes una proposta per millorar algun d'aquests aspectes. (Opcional, però molt important si penses que hi ha coses per polir. Longitud màxima: 280 caràcters.)"
04/10/18 16:11,"alumnenum7@elpuig.xeill.net","DAM",,,"MP01 - Sistemes informàtics",,,8,8,7,9,,,,,,,,,,,,,,,,,
04/10/18 16:11,"alumnenum2@elpuig.xeill.net","DAM",,,"MP01 - Sistemes informàtics",,,9,10,7,8,,,,,,,,,,,,,,,,,
04/10/18 16:11,"alumnenum3@elpuig.xeill.net","DAM",,,"MP01 - Sistemes informàtics",,,8,8,8,8,,,,,,,,,,,,,,,,,
04/10/18 16:11,"alumnenum4@elpuig.xeill.net","DAM",,,"MP01 - Sistemes informàtics",,,8,9,7,6,,,,,,,,,,,,,,,,,
04/10/18 16:12,"alumnenum5@elpuig.xeill.net","DAM",,,"MP01 - Sistemes informàtics",,,10,10,9,10,,,,,,,,,,,,,,,,,
04/10/18 16:12,"alumnenum6@elpuig.xeill.net","DAM",,,"MP01 - Sistemes informàtics",,,10,10,10,10,,,,,,,,,,,,,,,,,
04/10/18 16:12,"alumnenum7@elpuig.xeill.net","DAM",,,"MP02 - Bases de dades",,,8,8,8,8,,,,,,,,,,,,,,,,,
04/10/18 16:12,"alumnenum8@elpuig.xeill.net","DAM",,,"MP01 - Sistemes informàtics",,,8,9,8,7,,,,,,,,,,,,,,,,,
04/10/18 16:12,"alumnenum5@elpuig.xeill.net","DAM",,,"MP02 - Bases de dades",,,10,10,10,10,,,,,,,,,,,,,,,,,
04/10/18 16:12,"alumnenum6@elpuig.xeill.net","DAM",,,"MP02 - Bases de dades",,,10,10,10,10,,,,,,,,,,,,,,,,,
04/10/18 16:12,"alumnenum7@elpuig.xeill.net","DAM",,,"MP03 – Programació",,,7,7,8,8,,,,,,,,,,,,,,,,,
04/10/18 16:12,"alumnenum9@elpuig.xeill.net","DAM",,,"MP01 - Sistemes informàtics",,,10,8,9,10,,,,,,,,,,,,,,,,,
04/10/18 16:12,"alumnenum2@elpuig.xeill.net","DAM",,,"MP02 - Bases de dades",,,6,3,8,5,,,,,,,,,,,,,,,,,
04/10/18 16:12,"alumnenum10@elpuig.xeill.net","DAM",,,"MP01 - Sistemes informàtics",,,9,7,8,7,,,,,,,,,,,,,,,,,
04/10/18 16:12,"alumnenum5@elpuig.xeill.net","DAM",,,"MP03 - Programació",,,10,10,10,10,,,,,,,,,,,,,,,,,
04/10/18 16:12,"alumnenum3@elpuig.xeill.net","DAM",,,"MP02 - Bases de dades",,,9,8,7,8,,,,,,,,,,,,,,,,,
04/10/18 16:13,"alumnenum6@elpuig.xeill.net","DAM",,,"MP03 - Programació",,,10,10,10,10,,,,,,,,,,,,,,,,,
04/10/18 16:13,"alumnenum11@elpuig.xeill.net","DAM",,,"MP01 - Sistemes informàtics",,,9,6,8,7,,,,,,,,,,,,,,,,,
04/10/18 16:13,"alumnenum7@elpuig.xeill.net","DAM",,,"MP04 - Llenguatges de marques i sistemes de gestió d'informació",,,8,8,8,8,,,,,,,,,,,,,,,,,
04/10/18 16:13,"alumnenum9@elpuig.xeill.net","DAM",,,"MP02 - Bases de dades",,,10,10,9,10,,,,,,,,,,,,,,,,,
04/10/18 16:13,"alumnenum8@elpuig.xeill.net","DAM",,,"MP02 - Bases de dades",,,5,7,8,7,,,,,,,,,,,,,,,,,
04/10/18 16:13,"alumnenum4@elpuig.xeill.net","DAM",,,"MP02 - Bases de dades",,,6,9,8,7,"Comentari genèric de millora de mòdul 1",,,,,,,,,,,,,,,,
04/10/18 16:13,"alumnenum10@elpuig.xeill.net","DAM",,,"MP02 - Bases de dades",,,9,7,9,9,,,,,,,,,,,,,,,,,
04/10/18 16:13,"alumnenum6@elpuig.xeill.net","DAM",,,"MP04 - Llenguatges de marques i sistemes de gestió d'informació",,,10,10,10,10,,,,,,,,,,,,,,,,,
04/10/18 16:13,"alumnenum5@elpuig.xeill.net","DAM",,,"MP04 - Llenguatges de marques i sistemes de gestió d'informació",,,10,10,10,10,,,,,,,,,,,,,,,,,
04/10/18 16:13,"alumnenum12@elpuig.xeill.net","DAM",,,"MP01 - Sistemes informàtics",,,6,4,5,5,,,,,,,,,,,,,,,,,
04/10/18 16:13,"alumnenum3@elpuig.xeill.net","DAM",,,"MP03 - Programació",,,7,8,10,8,,,,,,,,,,,,,,,,,
04/10/18 16:13,"alumnenum5@elpuig.xeill.net","DAM",,,"Tutoria 1r curs",,,,,,,,10,10,10,,,,,,,,,,,,,
04/10/18 16:13,"alumnenum7@elpuig.xeill.net","DAM",,,"Tutoria 1r curs",,,,,,,,10,10,10,,,,,,,,,,,,,
04/10/18 16:13,"alumnenum6@elpuig.xeill.net","DAM",,,"Tutoria 1r curs",,,,,,,,10,10,10,,,,,,,,,,,,,
04/10/18 16:13,"alumnenum2@elpuig.xeill.net","DAM",,,"MP03 - Programació",,,5,1,7,1,,,,,,,,,,,,,,,,,
04/10/18 16:13,"alumnenum11@elpuig.xeill.net","DAM",,,"MP02 - Bases de dades",,,7,5,7,6,,,,,,,,,,,,,,,,,
04/10/18 16:13,"alumnenum8@elpuig.xeill.net","DAM",,,"MP03 - Programació",,,5,5,6,5,,,,,,,,,,,,,,,,,
04/10/18 16:14,"alumnenum3@elpuig.xeill.net","DAM",,,"MP04 - Llenguatges de marques i sistemes de gestió d'informació",,,8,8,7,8,,,,,,,,,,,,,,,,,
04/10/18 16:14,"alumnenum13@elpuig.xeill.net","DAM",,,"MP01 - Sistemes informàtics",,,8,9,8,8,"Comentari genèric de millora de mòdul 2",,,,,,,,,,,,,,,,
04/10/18 16:14,"alumnenum14@elpuig.xeill.net","ASIX",,"MP01 - Implantació de sistemes operatius",,,,7,7,7,7,,,,,,,,,,,,,,,,,
04/10/18 16:14,"alumnenum2@elpuig.xeill.net","DAM",,,"MP04 - Llenguatges de marques i sistemes de gestió d'informació",,,6,9,1,5,,,,,,,,,,,,,,,,,
04/10/18 16:14,"alumnenum12@elpuig.xeill.net","DAM",,,"MP02 - Bases de dades",,,4,4,5,4,,,,,,,,,,,,,,,,,
04/10/18 16:14,"alumnenum8@elpuig.xeill.net","DAM",,,"MP04 - Llenguatges de marques i sistemes de gestió d'informació",,,7,8,7,8,,,,,,,,,,,,,,,,,
04/10/18 16:14,"alumnenum3@elpuig.xeill.net","DAM",,,"Tutoria 1r curs",,,,,,,,8,8,8,,,,,,,,,,,,,
04/10/18 16:14,"alumnenum11@elpuig.xeill.net","DAM",,,"MP03 - Programació",,,5,5,5,5,,,,,,,,,,,,,,,,,
04/10/18 16:14,"alumnenum5@elpuig.xeill.net","DAM",,,"El centre",,,,,,,,,,,,,,,,,10,10,10,10,10,10,
04/10/18 16:14,"alumnenum14@elpuig.xeill.net","ASIX",,"MP02 - gestió de bases de dades",,,,7,8,8,7,,,,,,,,,,,,,,,,,
04/10/18 16:14,"alumnenum15@elpuig.xeill.net","DAM",,,"MP01 - Sistemes informàtics",,,10,10,10,8,"Comentari genèric de millora de mòdul 3",,,,,,,,,,,,,,,,
04/10/18 16:14,"alumnenum11@elpuig.xeill.net","DAM",,,"MP04 - Llenguatges de marques i sistemes de gestió d'informació",,,6,7,7,7,,,,,,,,,,,,,,,,,
04/10/18 16:14,"alumnenum9@elpuig.xeill.net","DAM",,,"MP03 - Programació",,,7,9,7,8,,,,,,,,,,,,,,,,,
04/10/18 16:15,"alumnenum10@elpuig.xeill.net","DAM",,,"MP03 - Programació",,,5,9,7,8,,,,,,,,,,,,,,,,,
04/10/18 16:15,"alumnenum12@elpuig.xeill.net","DAM",,,"MP03 - Programació",,,3,4,5,3,,,,,,,,,,,,,,,,,
04/10/18 16:15,"alumnenum8@elpuig.xeill.net","DAM",,,"Tutoria 1r curs",,,,,,,,9,9,10,,,,,,,,,,,,,
04/10/18 16:15,"alumnenum2@elpuig.xeill.net","DAM",,,"Tutoria 1r curs",,,,,,,,10,8,10,,,,,,,,,,,,,
04/10/18 16:15,"alumnenum13@elpuig.xeill.net","DAM",,,"MP02 - Bases de dades",,,7,5,7,8,,,,,,,,,,,,,,,,,
04/10/18 16:15,"alumnenum6@elpuig.xeill.net","DAM",,,"El centre",,,,,,,,,,,,,,,,,10,10,10,10,10,10,
04/10/18 16:15,"alumnenum14@elpuig.xeill.net","ASIX",,"MP03 - Programació bàsica",,,,6,9,8,6,,,,,,,,,,,,,,,,,
04/10/18 16:15,"alumnenum12@elpuig.xeill.net","DAM",,,"MP04 - Llenguatges de marques i sistemes de gestió d'informació",,,4,4,5,5,,,,,,,,,,,,,,,,,
04/10/18 16:15,"alumnenum15@elpuig.xeill.net","DAM",,,"MP02 - Bases de dades",,,10,10,10,10,,,,,,,,,,,,,,,,,
04/10/18 16:15,"alumnenum9@elpuig.xeill.net","DAM",,,"MP04 - Llenguatges de marques i sistemes de gestió d'informació",,,10,8,9,10,,,,,,,,,,,,,,,,,
04/10/18 16:16,"alumnenum11@elpuig.xeill.net","DAM",,,"Tutoria 1r curs",,,,,,,,7,9,9,,,,,,,,,,,,,
04/10/18 16:16,"alumnenum10@elpuig.xeill.net","DAM",,,"MP04 - Llenguatges de marques i sistemes de gestió d'informació",,,8,6,8,7,,,,,,,,,,,,,,,,,
04/10/18 16:16,"alumnenum13@elpuig.xeill.net","DAM",,,"MP03 - Programació",,,6,10,5,6,,,,,,,,,,,,,,,,,
04/10/18 16:16,"alumnenum4@elpuig.xeill.net","DAM",,,"MP03 - Programació",,,7,10,9,8,"Comentari genèric de millora de mòdul 4",,,,,,,,,,,,,,,,
04/10/18 16:16,"alumnenum16@elpuig.xeill.net","DAM",,,"MP01 - Sistemes informàtics",,,6,6,8,7,"Comentari genèric de millora de mòdul 5",,,,,,,,,,,,,,,,
04/10/18 16:16,"alumnenum12@elpuig.xeill.net","DAM",,,"Tutoria 1r curs",,,,,,,,6,5,6,,,,,,,,,,,,,
04/10/18 16:16,"alumnenum13@elpuig.xeill.net","DAM",,,"MP04 - Llenguatges de marques i sistemes de gestió d'informació",,,7,6,6,7,,,,,,,,,,,,,,,,,
04/10/18 16:16,"alumnenum10@elpuig.xeill.net","DAM",,,"Tutoria 1r curs",,,,,,,,8,8,8,,,,,,,,,,,,,
04/10/18 16:16,"alumnenum4@elpuig.xeill.net","DAM",,,"MP04 - Llenguatges de marques i sistemes de gestió d'informació",,,8,8,8,8,,,,,,,,,,,,,,,,,
04/10/18 16:16,"alumnenum13@elpuig.xeill.net","DAM",,,"Tutoria 1r curs",,,,,,,,8,9,9,,,,,,,,,,,,,
04/10/18 16:17,"alumnenum9@elpuig.xeill.net","DAM",,,"Tutoria 1r curs",,,,,,,,10,10,10,,,,,,,,,,,,,
04/10/18 16:17,"alumnenum17@elpuig.xeill.net","DAM",,,"MP01 - Sistemes informàtics",,,5,5,6,10,,,,,,,,,,,,,,,,,
04/10/18 16:17,"alumnenum14@elpuig.xeill.net","ASIX",,"Tutoria 1r curs",,,,,,,,,8,8,9,,,,,,,,,,,,,
04/10/18 16:17,"alumnenum4@elpuig.xeill.net","DAM",,,"Tutoria 1r curs",,,,,,,,8,8,8,,,,,,,,,,,,,
04/10/18 16:17,"alumnenum11@elpuig.xeill.net","DAM",,,"El centre",,,,,,,,,,,,,,,,,8,6,7,5,5,6,
04/10/18 16:17,"alumnenum16@elpuig.xeill.net","DAM",,,"MP02 - Bases de dades",,,7,8,8,8,,,,,,,,,,,,,,,,,
04/10/18 16:17,"alumnenum17@elpuig.xeill.net","DAM",,,"MP02 - Bases de dades",,,5,5,5,8,,,,,,,,,,,,,,,,,
04/10/18 16:17,"alumnenum12@elpuig.xeill.net","DAM",,,"El centre",,,,,,,,,,,,,,,,,7,6,7,5,5,6,"Comentari genèric de millora de centre 1"
04/10/18 16:18,"alumnenum13@elpuig.xeill.net","DAM",,,"El centre",,,,,,,,,,,,,,,,,6,5,6,5,8,7,
04/10/18 16:18,"alumnenum17@elpuig.xeill.net","DAM",,,"MP03 - Programació",,,8,8,10,4,,,,,,,,,,,,,,,,,
04/10/18 16:18,"alumnenum10@elpuig.xeill.net","DAM",,,"El centre",,,,,,,,,,,,,,,,,9,5,8,5,6,8,
04/10/18 16:18,"alumnenum9@elpuig.xeill.net","DAM",,,"El centre",,,,,,,,,,,,,,,,,5,5,5,5,5,8,
04/10/18 16:18,"alumnenum16@elpuig.xeill.net","DAM",,,"MP03 - Programació",,,6,7,8,7,"Comentari genèric de millora de mòdul 6",,,,,,,,,,,,,,,,
04/10/18 16:18,"alumnenum17@elpuig.xeill.net","DAM",,,"MP04 - Llenguatges de marques i sistemes de gestió d'informació",,,6,6,7,8,,,,,,,,,,,,,,,,,
04/10/18 16:19,"alumnenum15@elpuig.xeill.net","DAM",,,"MP03 - Programació",,,1,10,3,9,"Comentari genèric de millora de mòdul 7",,,,,,,,,,,,,,,,
04/10/18 16:19,"alumnenum16@elpuig.xeill.net","DAM",,,"MP04 - Llenguatges de marques i sistemes de gestió d'informació",,,8,8,7,7,"Comentari genèric de millora de mòdul 8",,,,,,,,,,,,,,,,
04/10/18 16:19,"alumnenum14@elpuig.xeill.net","ASIX",,"MP04 - Llenguatges de marques i sistemes de gestió d'informació",,,,8,7,8,8,,,,,,,,,,,,,,,,,
04/10/18 16:19,"alumnenum15@elpuig.xeill.net","DAM",,,"MP04 - Llenguatges de marques i sistemes de gestió d'informació",,,10,10,10,10,,,,,,,,,,,,,,,,,
04/10/18 16:20,"alumnenum18@elpuig.xeill.net","DAM",,,"MP01 - Sistemes informàtics",,,8,9,8,7,,,,,,,,,,,,,,,,,
04/10/18 16:21,"alumnenum18@elpuig.xeill.net","DAM",,,"MP02 - Bases de dades",,,7,8,8,9,,,,,,,,,,,,,,,,,
04/10/18 16:21,"alumnenum19@elpuig.xeill.net","DAM",,,"MP01 - Sistemes informàtics",,,7,7,6,7,,,,,,,,,,,,,,,,,
04/10/18 16:21,"alumnenum19@elpuig.xeill.net","DAM",,,"MP02 - Bases de dades",,,5,8,6,6,,,,,,,,,,,,,,,,,
04/10/18 16:22,"alumnenum18@elpuig.xeill.net","DAM",,,"MP03 - Programació",,,6,9,8,8,,,,,,,,,,,,,,,,,
04/10/18 16:22,"alumnenum19@elpuig.xeill.net","DAM",,,"MP03 - Programació",,,7,6,7,7,,,,,,,,,,,,,,,,,
04/10/18 16:22,"alumnenum15@elpuig.xeill.net","DAM",,,"Tutoria 1r curs",,,,,,,,10,10,10,,,,,,,,,,,,,
04/10/18 16:22,"alumnenum19@elpuig.xeill.net","DAM",,,"MP04 - Llenguatges de marques i sistemes de gestió d'informació",,,7,8,8,7,,,,,,,,,,,,,,,,,
04/10/18 16:22,"alumnenum18@elpuig.xeill.net","DAM",,,"MP04 - Llenguatges de marques i sistemes de gestió d'informació",,,8,8,9,8,,,,,,,,,,,,,,,,,
04/10/18 16:37,"alumnenum20@elpuig.xeill.net","ASIX",,"MP05 - Fonaments de maquinari",,,,9,9,9,9,,,,,,,,,,,,,,,,,
04/10/18 16:37,"alumnenum20@elpuig.xeill.net","ASIX",,"MP06 - Administració de sistemes operatius",,,,10,10,10,10,,,,,,,,,,,,,,,,,
04/10/18 16:38,"alumnenum20@elpuig.xeill.net","ASIX",,"MP07 - Planificació i Administració de xarxes",,,,10,10,10,10,,,,,,,,,,,,,,,,,
04/10/18 16:38,"alumnenum21@elpuig.xeill.net","ASIX",,"MP05 - Fonaments de maquinari",,,,7,7,7,6,"Comentari genèric de millora de mòdul 9",,,,,,,,,,,,,,,,
04/10/18 16:38,"alumnenum20@elpuig.xeill.net","ASIX",,"MP08 - Serveis de xarxa i internet",,,,5,5,4,4,,,,,,,,,,,,,,,,,
04/10/18 16:39,"alumnenum22@elpuig.xeill.net","ASIX",,"MP02 - gestió de bases de dades",,,,9,9,9,9,,,,,,,,,,,,,,,,,
04/10/18 16:39,"alumnenum20@elpuig.xeill.net","ASIX",,"MP09 -  Implantació d'aplicacions web",,,,8,9,8,8,,,,,,,,,,,,,,,,,
04/10/18 16:39,"alumnenum23@elpuig.xeill.net","ASIX",,"El centre",,,,,,,,,,,,,,,,,,8,8,8,5,6,8,"Comentari genèric de millora de centre 2"
04/10/18 16:39,"alumnenum20@elpuig.xeill.net","ASIX",,"MP11 - Seguretat i alta disponibilitat",,,,9,9,9,9,,,,,,,,,,,,,,,,,
04/10/18 16:39,"alumnenum21@elpuig.xeill.net","ASIX",,"MP06 - Administració de sistemes operatius",,,,8,8,9,9,"Comentari genèric de millora de mòdul 10",,,,,,,,,,,,,,,,
04/10/18 16:39,"alumnenum22@elpuig.xeill.net","ASIX",,"MP05 - Fonaments de maquinari",,,,9,9,9,9,,,,,,,,,,,,,,,,,
04/10/18 16:40,"alumnenum20@elpuig.xeill.net","ASIX",,"Tutoria 2n curs",,,,,,,,,,,,,9,9,9,9,,,,,,,,
04/10/18 16:40,"alumnenum22@elpuig.xeill.net","ASIX",,"MP06 - Administració de sistemes operatius",,,,9,9,9,9,,,,,,,,,,,,,,,,,
04/10/18 16:40,"alumnenum22@elpuig.xeill.net","ASIX",,"MP07 - Planificació i Administració de xarxes",,,,9,9,9,9,,,,,,,,,,,,,,,,,
04/10/18 16:40,"alumnenum23@elpuig.xeill.net","ASIX",,"Tutoria 2n curs",,,,,,,,,,,,,9,9,9,3,"Comentari genèric de millora de tutoria 1",,,,,,,
04/10/18 16:40,"alumnenum24@elpuig.xeill.net","ASIX",,"MP05 - Fonaments de maquinari",,,,10,10,10,7,"Comentari genèric de millora de mòdul 11",,,,,,,,,,,,,,,,
04/10/18 16:41,"alumnenum21@elpuig.xeill.net","ASIX",,"MP07 - Planificació i Administració de xarxes",,,,9,9,9,9,"Comentari genèric de millora de mòdul 12",,,,,,,,,,,,,,,,
04/10/18 16:41,"alumnenum23@elpuig.xeill.net","ASIX",,"MP14 - Projecte d'Administració de sistemes informàtics en xarxa",,,,8,8,5,7,,,,,,,,,,,,,,,,,
04/10/18 16:41,"alumnenum22@elpuig.xeill.net","ASIX",,"MP09 -  Implantació d'aplicacions web",,,,9,9,8,8,,,,,,,,,,,,,,,,,
04/10/18 16:42,"alumnenum22@elpuig.xeill.net","ASIX",,"MP10 - Administració de sistemes gestors de bases de dades",,,,9,9,9,9,,,,,,,,,,,,,,,,,
04/10/18 16:42,"alumnenum23@elpuig.xeill.net","ASIX",,"MP11 - Seguretat i alta disponibilitat",,,,7,8,6,6,,,,,,,,,,,,,,,,,
04/10/18 16:42,"alumnenum20@elpuig.xeill.net","ASIX",,"El centre",,,,,,,,,,,,,,,,,,10,10,10,10,10,10,
04/10/18 16:42,"alumnenum22@elpuig.xeill.net","ASIX",,"MP11 - Seguretat i alta disponibilitat",,,,9,9,9,9,,,,,,,,,,,,,,,,,
04/10/18 16:43,"alumnenum23@elpuig.xeill.net","ASIX",,"MP10 - Administració de sistemes gestors de bases de dades",,,,9,9,8,8,,,,,,,,,,,,,,,,,
04/10/18 16:43,"alumnenum21@elpuig.xeill.net","ASIX",,"MP08 - Serveis de xarxa i internet",,,,5,6,6,5,"Comentari genèric de millora de mòdul 13",,,,,,,,,,,,,,,,
04/10/18 16:43,"alumnenum22@elpuig.xeill.net","ASIX",,"MP14 - Projecte d'Administració de sistemes informàtics en xarxa",,,,9,9,9,9,,,,,,,,,,,,,,,,,
04/10/18 16:43,"alumnenum24@elpuig.xeill.net","ASIX",,"MP06 - Administració de sistemes operatius",,,,9,10,9,10,"Comentari genèric de millora de mòdul 14",,,,,,,,,,,,,,,,
04/10/18 16:44,"alumnenum24@elpuig.xeill.net","ASIX",,"MP07 - Planificació i Administració de xarxes",,,,9,10,10,10,"Comentari genèric de millora de mòdul 15",,,,,,,,,,,,,,,,
04/10/18 16:44,"alumnenum23@elpuig.xeill.net","ASIX",,"MP09 -  Implantació d'aplicacions web",,,,5,8,6,5,"Comentari genèric de millora de mòdul 16",,,,,,,,,,,,,,,,
04/10/18 16:44,"alumnenum21@elpuig.xeill.net","ASIX",,"MP09 -  Implantació d'aplicacions web",,,,6,7,6,6,"Comentari genèric de millora de mòdul 17",,,,,,,,,,,,,,,,
04/10/18 16:46,"alumnenum21@elpuig.xeill.net","ASIX",,"MP10 - Administració de sistemes gestors de bases de dades",,,,9,9,9,9,"Comentari genèric de millora de mòdul 18",,,,,,,,,,,,,,,,
04/10/18 16:47,"alumnenum21@elpuig.xeill.net","ASIX",,"MP11 - Seguretat i alta disponibilitat",,,,7,7,9,9,"Comentari genèric de millora de mòdul 19",,,,,,,,,,,,,,,,
04/10/18 16:47,"alumnenum25@elpuig.xeill.net","ASIX",,"MP01 - Implantació de sistemes operatius",,,,8,8,10,10,,,,,,,,,,,,,,,,,
04/10/18 16:48,"alumnenum21@elpuig.xeill.net","ASIX",,"MP14 - Projecte d'Administració de sistemes informàtics en xarxa",,,,6,6,6,6,,,,,,,,,,,,,,,,,
04/10/18 16:48,"alumnenum24@elpuig.xeill.net","ASIX",,"MP10 - Administració de sistemes gestors de bases de dades",,,,10,10,10,10,"Comentari genèric de millora de mòdul 20",,,,,,,,,,,,,,,,
04/10/18 16:48,"alumnenum25@elpuig.xeill.net","ASIX",,"MP02 - gestió de bases de dades",,,,8,8,10,9,,,,,,,,,,,,,,,,,
04/10/18 16:48,"alumnenum24@elpuig.xeill.net","ASIX",,"MP11 - Seguretat i alta disponibilitat",,,,9,10,9,10,"Comentari genèric de millora de mòdul 21",,,,,,,,,,,,,,,,
04/10/18 16:49,"alumnenum21@elpuig.xeill.net","ASIX",,"Tutoria 2n curs",,,,,,,,,,,,,8,8,6,6,,,,,,,,
04/10/18 16:49,"alumnenum22@elpuig.xeill.net","ASIX",,"MP08 - Serveis de xarxa i internet",,,,7,6,6,6,,,,,,,,,,,,,,,,,
04/10/18 16:49,"alumnenum23@elpuig.xeill.net","ASIX",,"MP08 - Serveis de xarxa i internet",,,,3,7,3,1,"Comentari genèric de millora de mòdul 22",,,,,,,,,,,,,,,,
04/10/18 16:49,"alumnenum25@elpuig.xeill.net","ASIX",,"MP05 - Fonaments de maquinari",,,,8,8,10,10,,,,,,,,,,,,,,,,,
04/10/18 16:49,"alumnenum24@elpuig.xeill.net","ASIX",,"MP14 - Projecte d'Administració de sistemes informàtics en xarxa",,,,9,8,8,8,,,,,,,,,,,,,,,,,
04/10/18 16:50,"alumnenum25@elpuig.xeill.net","ASIX",,"MP06 - Administració de sistemes operatius",,,,8,8,10,10,,,,,,,,,,,,,,,,,
04/10/18 16:50,"alumnenum25@elpuig.xeill.net","ASIX",,"MP06 - Administració de sistemes operatius",,,,9,9,10,10,,,,,,,,,,,,,,,,,
04/10/18 16:51,"alumnenum21@elpuig.xeill.net","ASIX",,"El centre",,,,,,,,,,,,,,,,,,7,7,7,5,6,7,
04/10/18 16:51,"alumnenum22@elpuig.xeill.net","ASIX",,"Tutoria 2n curs",,,,,,,,,,,,,10,10,10,10,,,,,,,,
04/10/18 16:51,"alumnenum23@elpuig.xeill.net","ASIX",,"MP07 - Planificació i Administració de xarxes",,,,7,9,5,7,,,,,,,,,,,,,,,,,
04/10/18 16:51,"alumnenum25@elpuig.xeill.net","ASIX",,"MP07 - Planificació i Administració de xarxes",,,,9,9,10,10,,,,,,,,,,,,,,,,,
04/10/18 16:51,"alumnenum23@elpuig.xeill.net","ASIX",,"MP06 - Administració de sistemes operatius",,,,8,9,7,8,,,,,,,,,,,,,,,,,
04/10/18 16:51,"alumnenum22@elpuig.xeill.net","ASIX",,"El centre",,,,,,,,,,,,,,,,,,9,9,9,9,9,9,
04/10/18 16:52,"alumnenum25@elpuig.xeill.net","ASIX",,"MP08 - Serveis de xarxa i internet",,,,9,9,9,9,,,,,,,,,,,,,,,,,
04/10/18 16:52,"alumnenum25@elpuig.xeill.net","ASIX",,"MP09 -  Implantació d'aplicacions web",,,,9,9,10,10,,,,,,,,,,,,,,,,,
04/10/18 16:53,"alumnenum25@elpuig.xeill.net","ASIX",,"MP11 - Seguretat i alta disponibilitat",,,,9,9,9,9,,,,,,,,,,,,,,,,,
04/10/18 16:53,"alumnenum24@elpuig.xeill.net","ASIX",,"MP08 - Serveis de xarxa i internet",,,,1,4,1,1,"Comentari genèric de millora de mòdul 23",,,,,,,,,,,,,,,,
04/10/18 16:53,"alumnenum25@elpuig.xeill.net","ASIX",,"MP09 -  Implantació d'aplicacions web",,,,9,9,9,9,,,,,,,,,,,,,,,,,
04/10/18 16:54,"alumnenum25@elpuig.xeill.net","ASIX",,"MP10 - Administració de sistemes gestors de bases de dades",,,,9,9,9,9,,,,,,,,,,,,,,,,,
04/10/18 16:54,"alumnenum26@elpuig.xeill.net","ASIX",,"MP06 - Administració de sistemes operatius",,,,7,7,7,6,"Comentari genèric de millora de mòdul 24",,,,,,,,,,,,,,,,
04/10/18 16:55,"alumnenum25@elpuig.xeill.net","ASIX",,"MP11 - Seguretat i alta disponibilitat",,,,10,9,9,10,,,,,,,,,,,,,,,,,
04/10/18 16:55,"alumnenum26@elpuig.xeill.net","ASIX",,"MP05 - Fonaments de maquinari",,,,6,6,5,5,,,,,,,,,,,,,,,,,
04/10/18 16:55,"alumnenum25@elpuig.xeill.net","ASIX",,"MP14 - Projecte d'Administració de sistemes informàtics en xarxa",,,,9,9,9,9,,,,,,,,,,,,,,,,,
04/10/18 16:56,"alumnenum24@elpuig.xeill.net","ASIX",,"MP09 -  Implantació d'aplicacions web",,,,7,7,5,9,"Comentari genèric de millora de mòdul 25",,,,,,,,,,,,,,,,
04/10/18 16:56,"alumnenum25@elpuig.xeill.net","ASIX",,"El centre",,,,,,,,,,,,,,,,,,10,9,10,8,7,10,
04/10/18 16:57,"alumnenum23@elpuig.xeill.net","ASIX",,"MP05 - Fonaments de maquinari",,,,5,10,9,4,"Comentari genèric de millora de mòdul 26",,,,,,,,,,,,,,,,
04/10/18 16:58,"alumnenum25@elpuig.xeill.net","ASIX",,"Tutoria 2n curs",,,,,,,,,,,,,9,9,10,8,,,,,,,,
04/10/18 16:59,"alumnenum24@elpuig.xeill.net","ASIX",,"Tutoria 2n curs",,,,,,,,,,,,,7,6,10,5,"Comentari genèric de millora de tutoria 2",,,,,,,
04/10/18 17:00,"alumnenum26@elpuig.xeill.net","ASIX",,"MP07 - Planificació i Administració de xarxes",,,,7,7,7,7,"Comentari genèric de millora de mòdul 27",,,,,,,,,,,,,,,,
04/10/18 17:01,"alumnenum24@elpuig.xeill.net","ASIX",,"El centre",,,,,,,,,,,,,,,,,,9,3,4,5,1,7,"Comentari genèric de millora de centre 3"
04/10/18 17:03,"alumnenum26@elpuig.xeill.net","ASIX",,"MP08 - Serveis de xarxa i internet",,,,3,5,5,4,,,,,,,,,,,,,,,,,
04/10/18 17:10,"alumnenum27@elpuig.xeill.net","AF","MP01 - Comunicació i atenció al client",,,,,10,8,10,10,,,,,,,,,,,,,,,,,
04/10/18 17:10,"alumnenum28@elpuig.xeill.net","AF","MP01 - Comunicació i atenció al client",,,,,10,10,10,10,"Comentari genèric de millora de mòdul 28",,,,,,,,,,,,,,,,
04/10/18 17:11,"alumnenum28@elpuig.xeill.net","AF","MP03 - Procès integral de l'activitat comercial",,,,,8,7,9,7,,,,,,,,,,,,,,,,,
04/10/18 17:11,"alumnenum29@elpuig.xeill.net","AF","MP01 - Comunicació i atenció al client",,,,,10,10,10,10,,,,,,,,,,,,,,,,,
04/10/18 17:12,"alumnenum28@elpuig.xeill.net","AF","MP05 - Ofimàtica i Procès de la informació",,,,,10,10,10,10,"Comentari genèric de millora de mòdul 29",,,,,,,,,,,,,,,,
04/10/18 17:12,"alumnenum30@elpuig.xeill.net","AF","MP01 - Comunicació i atenció al client",,,,,10,10,10,10,,,,,,,,,,,,,,,,,
04/10/18 17:12,"alumnenum31@elpuig.xeill.net","AF","MP01 - Comunicació i atenció al client",,,,,9,9,9,10,,,,,,,,,,,,,,,,,
04/10/18 17:12,"alumnenum32@elpuig.xeill.net","AF","MP01 - Comunicació i atenció al client",,,,,10,10,10,8,,,,,,,,,,,,,,,,,
04/10/18 17:12,"alumnenum27@elpuig.xeill.net","AF","MP03 - Procès integral de l'activitat comercial",,,,,8,10,10,10,,,,,,,,,,,,,,,,,
04/10/18 17:12,"alumnenum28@elpuig.xeill.net","AF","MP06 - Anglès",,,,,6,5,6,6,,,,,,,,,,,,,,,,,
04/10/18 17:12,"alumnenum33@elpuig.xeill.net","AF","MP01 - Comunicació i atenció al client",,,,,10,10,6,9,,,,,,,,,,,,,,,,,
04/10/18 17:12,"alumnenum31@elpuig.xeill.net","AF","MP03 - Procès integral de l'activitat comercial",,,,,8,9,9,6,,,,,,,,,,,,,,,,,
04/10/18 17:12,"alumnenum28@elpuig.xeill.net","AF","MP07 - Gestió de recursos humans",,,,,10,10,10,10,"Comentari genèric de millora de mòdul 30",,,,,,,,,,,,,,,,
04/10/18 17:12,"alumnenum27@elpuig.xeill.net","AF","MP05 - Ofimàtica i Procès de la informació",,,,,10,10,10,10,,,,,,,,,,,,,,,,,
04/10/18 17:12,"alumnenum34@elpuig.xeill.net","AF","MP01 - Comunicació i atenció al client",,,,,9,9,9,9,,,,,,,,,,,,,,,,,
04/10/18 17:12,"alumnenum35@elpuig.xeill.net","AF","MP01 - Comunicació i atenció al client",,,,,10,10,10,8,"Comentari genèric de millora de mòdul 31",,,,,,,,,,,,,,,,
04/10/18 17:12,"alumnenum36@elpuig.xeill.net","AF","MP06 - Anglès",,,,,2,7,1,4,"Comentari genèric de millora de mòdul 32",,,,,,,,,,,,,,,,
04/10/18 17:13,"alumnenum32@elpuig.xeill.net","AF","MP03 - Procès integral de l'activitat comercial",,,,,7,10,8,7,,,,,,,,,,,,,,,,,
04/10/18 17:13,"alumnenum31@elpuig.xeill.net","AF","MP05 - Ofimàtica i Procès de la informació",,,,,8,8,8,8,,,,,,,,,,,,,,,,,
04/10/18 17:13,"alumnenum37@elpuig.xeill.net","AF","MP05 - Ofimàtica i Procès de la informació",,,,,9,9,8,8,,,,,,,,,,,,,,,,,
04/10/18 17:13,"alumnenum28@elpuig.xeill.net","AF","MP10 - Gestió logística i comercial",,,,,10,10,10,10,"Comentari genèric de millora de mòdul 33",,,,,,,,,,,,,,,,
04/10/18 17:13,"alumnenum33@elpuig.xeill.net","AF","MP03 - Procès integral de l'activitat comercial",,,,,8,10,7,8,,,,,,,,,,,,,,,,,
04/10/18 17:13,"alumnenum31@elpuig.xeill.net","AF","MP07 - Gestió de recursos humans",,,,,9,9,9,9,,,,,,,,,,,,,,,,,
04/10/18 17:13,"alumnenum38@elpuig.xeill.net","AF","MP01 - Comunicació i atenció al client",,,,,9,8,8,8,,,,,,,,,,,,,,,,,
04/10/18 17:13,"alumnenum39@elpuig.xeill.net","AF","MP01 - Comunicació i atenció al client",,,,,10,10,10,10,,,,,,,,,,,,,,,,,
04/10/18 17:13,"alumnenum40@elpuig.xeill.net","AF","MP01 - Comunicació i atenció al client",,,,,10,10,10,10,,,,,,,,,,,,,,,,,
04/10/18 17:13,"alumnenum28@elpuig.xeill.net","AF","MP12 - Formació i orientació laboral",,,,,6,5,6,6,,,,,,,,,,,,,,,,,
04/10/18 17:13,"alumnenum36@elpuig.xeill.net","AF","MP01 - Comunicació i atenció al client",,,,,10,10,10,10,"Comentari genèric de millora de mòdul 34",,,,,,,,,,,,,,,,
04/10/18 17:13,"alumnenum41@elpuig.xeill.net","AF","MP01 - Comunicació i atenció al client",,,,,8,7,9,9,,,,,,,,,,,,,,,,,
04/10/18 17:13,"alumnenum32@elpuig.xeill.net","AF","MP05 - Ofimàtica i Procès de la informació",,,,,8,10,9,8,,,,,,,,,,,,,,,,,
04/10/18 17:13,"alumnenum31@elpuig.xeill.net","AF","MP10 - Gestió logística i comercial",,,,,8,8,8,7,,,,,,,,,,,,,,,,,
04/10/18 17:13,"alumnenum33@elpuig.xeill.net","AF","MP05 - Ofimàtica i Procès de la informació",,,,,10,10,8,8,,,,,,,,,,,,,,,,,
04/10/18 17:13,"alumnenum27@elpuig.xeill.net","AF","MP06 - Anglès",,,,,5,5,5,5,,,,,,,,,,,,,,,,,
04/10/18 17:14,"alumnenum42@elpuig.xeill.net","AF","MP01 - Comunicació i atenció al client",,,,,10,10,10,10,"Comentari genèric de millora de mòdul 35",,,,,,,,,,,,,,,,
04/10/18 17:14,"alumnenum43@elpuig.xeill.net","AF","MP01 - Comunicació i atenció al client",,,,,8,8,10,7,,,,,,,,,,,,,,,,,
04/10/18 17:14,"alumnenum39@elpuig.xeill.net","AF","MP03 - Procès integral de l'activitat comercial",,,,,10,10,10,10,,,,,,,,,,,,,,,,,
04/10/18 17:14,"alumnenum37@elpuig.xeill.net","AF","MP01 - Comunicació i atenció al client",,,,,8,8,9,6,,,,,,,,,,,,,,,,,
04/10/18 17:14,"alumnenum34@elpuig.xeill.net","AF","MP02 - gestió de la documentació jurídica i empresarial",,,,,9,8,9,8,,,,,,,,,,,,,,,,,
04/10/18 17:14,"alumnenum27@elpuig.xeill.net","AF","MP07 - Gestió de recursos humans",,,,,10,8,8,10,,,,,,,,,,,,,,,,,
04/10/18 17:14,"alumnenum31@elpuig.xeill.net","AF","MP12 - Formació i orientació laboral",,,,,9,9,9,9,,,,,,,,,,,,,,,,,
04/10/18 17:14,"alumnenum35@elpuig.xeill.net","AF","MP03 - Procès integral de l'activitat comercial",,,,,6,8,9,6,"Comentari genèric de millora de mòdul 36",,,,,,,,,,,,,,,,
04/10/18 17:14,"alumnenum38@elpuig.xeill.net","AF","MP05 - Ofimàtica i Procès de la informació",,,,,10,10,10,10,,,,,,,,,,,,,,,,,
04/10/18 17:14,"alumnenum44@elpuig.xeill.net","AF","MP01 - Comunicació i atenció al client",,,,,6,6,6,6,"Comentari genèric de millora de mòdul 37",,,,,,,,,,,,,,,,
04/10/18 17:14,"alumnenum45@elpuig.xeill.net","AF","MP01 - Comunicació i atenció al client",,,,,10,10,8,9,,,,,,,,,,,,,,,,,
04/10/18 17:14,"alumnenum32@elpuig.xeill.net","AF","MP06 - Anglès",,,,,5,9,10,10,,,,,,,,,,,,,,,,,
04/10/18 17:15,"alumnenum30@elpuig.xeill.net","AF","MP03 - Procès integral de l'activitat comercial",,,,,8,7,10,5,"Comentari genèric de millora de mòdul 38",,,,,,,,,,,,,,,,
04/10/18 17:15,"alumnenum27@elpuig.xeill.net","AF","MP10 - Gestió logística i comercial",,,,,10,10,10,10,,,,,,,,,,,,,,,,,
04/10/18 17:15,"alumnenum43@elpuig.xeill.net","AF","MP03 - Procès integral de l'activitat comercial",,,,,6,8,6,6,,,,,,,,,,,,,,,,,
04/10/18 17:15,"alumnenum37@elpuig.xeill.net","AF","MP06 - Anglès",,,,,4,4,5,5,,,,,,,,,,,,,,,,,
04/10/18 17:15,"alumnenum34@elpuig.xeill.net","AF","MP03 - Procès integral de l'activitat comercial",,,,,9,9,9,9,,,,,,,,,,,,,,,,,
04/10/18 17:15,"alumnenum39@elpuig.xeill.net","AF","MP05 - Ofimàtica i Procès de la informació",,,,,10,10,10,10,,,,,,,,,,,,,,,,,
04/10/18 17:15,"alumnenum33@elpuig.xeill.net","AF","MP07 - Gestió de recursos humans",,,,,10,10,10,10,,,,,,,,,,,,,,,,,
04/10/18 17:15,"alumnenum32@elpuig.xeill.net","AF","MP07 - Gestió de recursos humans",,,,,10,10,10,10,,,,,,,,,,,,,,,,,
04/10/18 17:15,"alumnenum36@elpuig.xeill.net","AF","MP03 - Procès integral de l'activitat comercial",,,,,9,9,9,7,"Comentari genèric de millora de mòdul 39",,,,,,,,,,,,,,,,
04/10/18 17:15,"alumnenum38@elpuig.xeill.net","AF","MP06 - Anglès",,,,,5,5,5,6,,,,,,,,,,,,,,,,,
04/10/18 17:15,"alumnenum41@elpuig.xeill.net","AF","MP03 - Procès integral de l'activitat comercial",,,,,5,9,8,8,,,,,,,,,,,,,,,,,
04/10/18 17:15,"alumnenum32@elpuig.xeill.net","AF","MP10 - Gestió logística i comercial",,,,,10,10,10,10,,,,,,,,,,,,,,,,,
04/10/18 17:15,"alumnenum46@elpuig.xeill.net","AF","MP05 - Ofimàtica i Procès de la informació",,,,,10,8,10,10,"Comentari genèric de millora de mòdul 40",,,,,,,,,,,,,,,,
04/10/18 17:15,"alumnenum31@elpuig.xeill.net","AF","MP06 - Anglès",,,,,8,8,8,8,,,,,,,,,,,,,,,,,
04/10/18 17:15,"alumnenum37@elpuig.xeill.net","AF","MP07 - Gestió de recursos humans",,,,,7,8,7,8,,,,,,,,,,,,,,,,,
04/10/18 17:15,"alumnenum42@elpuig.xeill.net","AF","MP03 - Procès integral de l'activitat comercial",,,,,8,10,5,7,"Comentari genèric de millora de mòdul 41",,,,,,,,,,,,,,,,
04/10/18 17:15,"alumnenum40@elpuig.xeill.net","AF","MP03 - Procès integral de l'activitat comercial",,,,,10,5,6,10,,,,,,,,,,,,,,,,,
04/10/18 17:15,"alumnenum38@elpuig.xeill.net","AF","MP07 - Gestió de recursos humans",,,,,9,8,8,8,,,,,,,,,,,,,,,,,
04/10/18 17:16,"alumnenum29@elpuig.xeill.net","AF","MP03 - Procès integral de l'activitat comercial",,,,,7,9,9,5,"Comentari genèric de millora de mòdul 42",,,,,,,,,,,,,,,,
04/10/18 17:16,"alumnenum35@elpuig.xeill.net","AF","MP04 - Recursos humans i responsabilitat social corporativa",,,,,10,10,10,9,"Comentari genèric de millora de mòdul 43",,,,,,,,,,,,,,,,
04/10/18 17:16,"alumnenum33@elpuig.xeill.net","AF","MP10 - Gestió logística i comercial",,,,,5,9,3,3,,,,,,,,,,,,,,,,,
04/10/18 17:16,"alumnenum39@elpuig.xeill.net","AF","MP06 - Anglès",,,,,8,10,8,10,,,,,,,,,,,,,,,,,
04/10/18 17:16,"alumnenum37@elpuig.xeill.net","AF","MP10 - Gestió logística i comercial",,,,,8,8,8,8,,,,,,,,,,,,,,,,,
04/10/18 17:16,"alumnenum43@elpuig.xeill.net","AF","MP05 - Ofimàtica i Procès de la informació",,,,,5,5,5,5,,,,,,,,,,,,,,,,,
04/10/18 17:16,"alumnenum40@elpuig.xeill.net","AF","MP05 - Ofimàtica i Procès de la informació",,,,,10,10,10,10,,,,,,,,,,,,,,,,,
04/10/18 17:16,"alumnenum31@elpuig.xeill.net","AF","Tutoria 1r curs",,,,,,,,,,7,7,8,,,,,,,,,,,,,
04/10/18 17:16,"alumnenum38@elpuig.xeill.net","AF","MP10 - Gestió logística i comercial",,,,,10,10,10,10,,,,,,,,,,,,,,,,,
04/10/18 17:16,"alumnenum32@elpuig.xeill.net","AF","MP12 - Formació i orientació laboral",,,,,5,10,8,7,,,,,,,,,,,,,,,,,
04/10/18 17:16,"alumnenum41@elpuig.xeill.net","AF","MP05 - Ofimàtica i Procès de la informació",,,,,7,9,8,9,,,,,,,,,,,,,,,,,
04/10/18 17:16,"alumnenum35@elpuig.xeill.net","AF","MP05 - Ofimàtica i Procès de la informació",,,,,10,10,10,10,,,,,,,,,,,,,,,,,
04/10/18 17:16,"alumnenum39@elpuig.xeill.net","AF","MP07 - Gestió de recursos humans",,,,,10,10,10,10,,,,,,,,,,,,,,,,,
04/10/18 17:16,"alumnenum29@elpuig.xeill.net","AF","MP05 - Ofimàtica i Procès de la informació",,,,,10,10,9,10,,,,,,,,,,,,,,,,,
04/10/18 17:16,"alumnenum37@elpuig.xeill.net","AF","MP12 - Formació i orientació laboral",,,,,7,5,5,5,,,,,,,,,,,,,,,,,
04/10/18 17:16,"alumnenum38@elpuig.xeill.net","AF","MP03 - Procès integral de l'activitat comercial",,,,,7,7,7,7,,,,,,,,,,,,,,,,,
04/10/18 17:16,"alumnenum42@elpuig.xeill.net","AF","MP04 - Recursos humans i responsabilitat social corporativa",,,,,10,10,10,10,"Comentari genèric de millora de mòdul 44",,,,,,,,,,,,,,,,
04/10/18 17:16,"alumnenum43@elpuig.xeill.net","AF","MP06 - Anglès",,,,,1,5,5,1,,,,,,,,,,,,,,,,,
04/10/18 17:16,"alumnenum35@elpuig.xeill.net","AF","MP06 - Anglès",,,,,8,9,6,10,,,,,,,,,,,,,,,,,
04/10/18 17:17,"alumnenum32@elpuig.xeill.net","AF","Tutoria 1r curs",,,,,,,,,,10,10,5,,,,,,,,,,,,,
04/10/18 17:17,"alumnenum41@elpuig.xeill.net","AF","MP06 - Anglès",,,,,6,8,7,8,,,,,,,,,,,,,,,,,
04/10/18 17:17,"alumnenum39@elpuig.xeill.net","AF","MP10 - Gestió logística i comercial",,,,,8,10,7,10,,,,,,,,,,,,,,,,,
04/10/18 17:17,"alumnenum38@elpuig.xeill.net","AF","Tutoria 1r curs",,,,,,,,,,10,10,10,,,,,,,,,,,,,
04/10/18 17:17,"alumnenum31@elpuig.xeill.net","AF","El centre",,,,,,,,,,,,,,,,,,,8,7,7,5,5,7,
04/10/18 17:17,"alumnenum34@elpuig.xeill.net","AF","MP04 - Recursos humans i responsabilitat social corporativa",,,,,9,9,9,9,,,,,,,,,,,,,,,,,
04/10/18 17:17,"alumnenum37@elpuig.xeill.net","AF","MP03 - Procès integral de l'activitat comercial",,,,,7,7,7,7,,,,,,,,,,,,,,,,,
04/10/18 17:17,"alumnenum46@elpuig.xeill.net","AF","MP06 - Anglès",,,,,9,9,10,10,"Comentari genèric de millora de mòdul 45",,,,,,,,,,,,,,,,
04/10/18 17:17,"alumnenum35@elpuig.xeill.net","AF","MP07 - Gestió de recursos humans",,,,,10,10,10,10,"Comentari genèric de millora de mòdul 46",,,,,,,,,,,,,,,,
04/10/18 17:17,"alumnenum43@elpuig.xeill.net","AF","MP07 - Gestió de recursos humans",,,,,7,8,10,7,,,,,,,,,,,,,,,,,
04/10/18 17:17,"alumnenum44@elpuig.xeill.net","AF","MP03 - Procès integral de l'activitat comercial",,,,,4,4,6,4,"Comentari genèric de millora de mòdul 47",,,,,,,,,,,,,,,,
04/10/18 17:17,"alumnenum26@elpuig.xeill.net","ASIX",,"MP09 -  Implantació d'aplicacions web",,,,4,5,5,5,"Comentari genèric de millora de mòdul 48",,,,,,,,,,,,,,,,
04/10/18 17:17,"alumnenum41@elpuig.xeill.net","AF","MP10 - Gestió logística i comercial",,,,,8,9,8,8,,,,,,,,,,,,,,,,,
04/10/18 17:18,"alumnenum42@elpuig.xeill.net","AF","MP05 - Ofimàtica i Procès de la informació",,,,,10,10,10,10,"Comentari genèric de millora de mòdul 49",,,,,,,,,,,,,,,,
04/10/18 17:18,"alumnenum35@elpuig.xeill.net","AF","MP10 - Gestió logística i comercial",,,,,9,9,9,10,,,,,,,,,,,,,,,,,
04/10/18 17:18,"alumnenum34@elpuig.xeill.net","AF","MP05 - Ofimàtica i Procès de la informació",,,,,9,9,9,9,,,,,,,,,,,,,,,,,
04/10/18 17:18,"alumnenum36@elpuig.xeill.net","AF","MP05 - Ofimàtica i Procès de la informació",,,,,10,10,10,10,"Comentari genèric de millora de mòdul 50",,,,,,,,,,,,,,,,
04/10/18 17:18,"alumnenum41@elpuig.xeill.net","AF","MP07 - Gestió de recursos humans",,,,,9,8,9,9,,,,,,,,,,,,,,,,,
04/10/18 17:18,"alumnenum43@elpuig.xeill.net","AF","MP10 - Gestió logística i comercial",,,,,5,5,1,3,,,,,,,,,,,,,,,,,
04/10/18 17:18,"alumnenum36@elpuig.xeill.net","AF","MP07 - Gestió de recursos humans",,,,,10,10,10,10,"Comentari genèric de millora de mòdul 51",,,,,,,,,,,,,,,,
04/10/18 17:18,"alumnenum39@elpuig.xeill.net","AF","MP12 - Formació i orientació laboral",,,,,8,10,5,9,,,,,,,,,,,,,,,,,
04/10/18 17:18,"alumnenum30@elpuig.xeill.net","AF","MP05 - Ofimàtica i Procès de la informació",,,,,10,10,10,10,"Comentari genèric de millora de mòdul 52",,,,,,,,,,,,,,,,
04/10/18 17:19,"alumnenum29@elpuig.xeill.net","AF","MP06 - Anglès",,,,,7,8,9,6,"Comentari genèric de millora de mòdul 53",,,,,,,,,,,,,,,,
04/10/18 17:19,"alumnenum32@elpuig.xeill.net","AF","El centre",,,,,,,,,,,,,,,,,,,7,7,5,5,5,8,
04/10/18 17:19,"alumnenum36@elpuig.xeill.net","AF","MP10 - Gestió logística i comercial",,,,,10,10,10,10,"Comentari genèric de millora de mòdul 54",,,,,,,,,,,,,,,,
04/10/18 17:19,"alumnenum35@elpuig.xeill.net","AF","MP12 - Formació i orientació laboral",,,,,10,10,10,10,,,,,,,,,,,,,,,,,
04/10/18 17:19,"alumnenum32@elpuig.xeill.net","AF","El centre",,,,,,,,,,,,,,,,,,,7,7,5,5,5,8,
04/10/18 17:19,"alumnenum46@elpuig.xeill.net","AF","MP07 - Gestió de recursos humans",,,,,10,10,10,9,"Comentari genèric de millora de mòdul 55",,,,,,,,,,,,,,,,
04/10/18 17:19,"alumnenum41@elpuig.xeill.net","AF","MP12 - Formació i orientació laboral",,,,,8,8,9,9,,,,,,,,,,,,,,,,,
04/10/18 17:19,"alumnenum44@elpuig.xeill.net","AF","MP05 - Ofimàtica i Procès de la informació",,,,,5,5,5,5,"Comentari genèric de millora de mòdul 56",,,,,,,,,,,,,,,,
04/10/18 17:19,"alumnenum43@elpuig.xeill.net","AF","Tutoria 1r curs",,,,,,,,,,5,8,8,,,,,,,,,,,,,
04/10/18 17:19,"alumnenum39@elpuig.xeill.net","AF","Tutoria 1r curs",,,,,,,,,,5,10,10,,,,,,,,,,,,,
04/10/18 17:19,"alumnenum29@elpuig.xeill.net","AF","MP07 - Gestió de recursos humans",,,,,10,10,10,10,,,,,,,,,,,,,,,,,
04/10/18 17:19,"alumnenum41@elpuig.xeill.net","AF","Tutoria 1r curs",,,,,,,,,,8,8,8,,,,,,,,,,,,,
04/10/18 17:20,"alumnenum35@elpuig.xeill.net","AF","Tutoria 1r curs",,,,,,,,,,9,10,10,,,,,,,,,,,,,
04/10/18 17:20,"alumnenum40@elpuig.xeill.net","AF","MP06 - Anglès",,,,,6,10,10,4,"Comentari genèric de millora de mòdul 57",,,,,,,,,,,,,,,,
04/10/18 17:20,"alumnenum30@elpuig.xeill.net","AF","MP06 - Anglès",,,,,5,9,3,6,"Comentari genèric de millora de mòdul 58",,,,,,,,,,,,,,,,
04/10/18 17:20,"alumnenum45@elpuig.xeill.net","AF","MP03 - Procès integral de l'activitat comercial",,,,,5,7,9,6,"Comentari genèric de millora de mòdul 59",,,,,,,,,,,,,,,,
04/10/18 17:20,"alumnenum44@elpuig.xeill.net","AF","MP06 - Anglès",,,,,6,7,7,8,"Comentari genèric de millora de mòdul 60",,,,,,,,,,,,,,,,
04/10/18 17:20,"alumnenum42@elpuig.xeill.net","AF","MP06 - Anglès",,,,,3,5,1,5,"Comentari genèric de millora de mòdul 61",,,,,,,,,,,,,,,,
04/10/18 17:20,"alumnenum34@elpuig.xeill.net","AF","MP06 - Anglès",,,,,7,6,6,6,,,,,,,,,,,,,,,,,
04/10/18 17:20,"alumnenum39@elpuig.xeill.net","AF","El centre",,,,,,,,,,,,,,,,,,,5,5,5,5,5,10,
04/10/18 17:20,"alumnenum41@elpuig.xeill.net","AF","El centre",,,,,,,,,,,,,,,,,,,7,6,5,5,7,8,
04/10/18 17:20,"alumnenum35@elpuig.xeill.net","AF","El centre",,,,,,,,,,,,,,,,,,,10,6,4,10,5,10,
04/10/18 17:20,"alumnenum40@elpuig.xeill.net","AF","MP07 - Gestió de recursos humans",,,,,10,10,5,5,"Comentari genèric de millora de mòdul 62",,,,,,,,,,,,,,,,
04/10/18 17:20,"alumnenum43@elpuig.xeill.net","AF","El centre",,,,,,,,,,,,,,,,,,,5,1,5,5,1,5,
04/10/18 17:21,"alumnenum34@elpuig.xeill.net","AF","MP07 - Gestió de recursos humans",,,,,9,9,9,9,,,,,,,,,,,,,,,,,
04/10/18 17:21,"alumnenum42@elpuig.xeill.net","AF","MP07 - Gestió de recursos humans",,,,,10,10,10,10,"Comentari genèric de millora de mòdul 63",,,,,,,,,,,,,,,,
04/10/18 17:21,"alumnenum46@elpuig.xeill.net","AF","MP10 - Gestió logística i comercial",,,,,10,10,10,10,"Comentari genèric de millora de mòdul 64",,,,,,,,,,,,,,,,
04/10/18 17:21,"alumnenum45@elpuig.xeill.net","AF","MP05 - Ofimàtica i Procès de la informació",,,,,10,4,10,10,,,,,,,,,,,,,,,,,
04/10/18 17:21,"alumnenum26@elpuig.xeill.net","ASIX",,"MP10 - Administració de sistemes gestors de bases de dades",,,,8,9,7,7,"Comentari genèric de millora de mòdul 65",,,,,,,,,,,,,,,,
04/10/18 17:21,"alumnenum44@elpuig.xeill.net","AF","MP07 - Gestió de recursos humans",,,,,6,7,8,5,"Comentari genèric de millora de mòdul 66",,,,,,,,,,,,,,,,
04/10/18 17:21,"alumnenum40@elpuig.xeill.net","AF","MP10 - Gestió logística i comercial",,,,,10,10,10,10,"Comentari genèric de millora de mòdul 67",,,,,,,,,,,,,,,,
04/10/18 17:21,"alumnenum34@elpuig.xeill.net","AF","MP08 - gestió financera",,,,,8,8,8,8,,,,,,,,,,,,,,,,,
04/10/18 17:22,"alumnenum44@elpuig.xeill.net","AF","MP10 - Gestió logística i comercial",,,,,7,7,8,7,,,,,,,,,,,,,,,,,
04/10/18 17:22,"alumnenum40@elpuig.xeill.net","AF","MP12 - Formació i orientació laboral",,,,,9,3,10,10,,,,,,,,,,,,,,,,,
04/10/18 17:22,"alumnenum42@elpuig.xeill.net","AF","MP10 - Gestió logística i comercial",,,,,10,10,9,10,"Comentari genèric de millora de mòdul 68",,,,,,,,,,,,,,,,
04/10/18 17:22,"alumnenum36@elpuig.xeill.net","AF","MP12 - Formació i orientació laboral",,,,,5,5,5,5,"Comentari genèric de millora de mòdul 69",,,,,,,,,,,,,,,,
04/10/18 17:22,"alumnenum30@elpuig.xeill.net","AF","MP07 - Gestió de recursos humans",,,,,10,10,10,10,"Comentari genèric de millora de mòdul 70",,,,,,,,,,,,,,,,
04/10/18 17:23,"alumnenum44@elpuig.xeill.net","AF","Tutoria 1r curs",,,,,,,,,,7,9,9,,,,,,,,,,,,,
04/10/18 17:23,"alumnenum45@elpuig.xeill.net","AF","MP06 - Anglès",,,,,7,6,9,6,"Comentari genèric de millora de mòdul 71",,,,,,,,,,,,,,,,
04/10/18 17:23,"alumnenum42@elpuig.xeill.net","AF","MP12 - Formació i orientació laboral",,,,,1,1,3,1,"Comentari genèric de millora de mòdul 72",,,,,,,,,,,,,,,,
04/10/18 17:23,"alumnenum45@elpuig.xeill.net","AF","MP07 - Gestió de recursos humans",,,,,10,8,10,10,,,,,,,,,,,,,,,,,
04/10/18 17:24,"alumnenum29@elpuig.xeill.net","AF","MP10 - Gestió logística i comercial",,,,,9,10,7,9,,,,,,,,,,,,,,,,,
04/10/18 17:24,"alumnenum30@elpuig.xeill.net","AF","MP10 - Gestió logística i comercial",,,,,10,10,7,10,,,,,,,,,,,,,,,,,
04/10/18 17:24,"alumnenum45@elpuig.xeill.net","AF","MP10 - Gestió logística i comercial",,,,,8,6,7,6,,,,,,,,,,,,,,,,,
04/10/18 17:25,"alumnenum46@elpuig.xeill.net","AF","Tutoria 1r curs",,,,,,,,,,10,10,10,"Comentari genèric de millora de tutoria 9",,,,,,,,,,,,
04/10/18 17:25,"alumnenum44@elpuig.xeill.net","AF","El centre",,,,,,,,,,,,,,,,,,,9,7,6,1,1,6,"Comentari genèric de millora de centre 4"
04/10/18 17:25,"alumnenum34@elpuig.xeill.net","AF","MP09 -  Comptabilitat i fiscalitat",,,,,8,8,8,8,,,,,,,,,,,,,,,,,
04/10/18 17:25,"alumnenum42@elpuig.xeill.net","AF","El centre",,,,,,,,,,,,,,,,,,,5,5,5,4,4,7,"Comentari genèric de millora de centre 5"
04/10/18 17:26,"alumnenum34@elpuig.xeill.net","AF","MP10 - Gestió logística i comercial",,,,,8,7,7,7,,,,,,,,,,,,,,,,,
04/10/18 17:26,"alumnenum29@elpuig.xeill.net","AF","MP12 - Formació i orientació laboral",,,,,7,10,9,7,"Comentari genèric de millora de mòdul 73",,,,,,,,,,,,,,,,
04/10/18 17:26,"alumnenum29@elpuig.xeill.net","AF","Tutoria 1r curs",,,,,,,,,,10,10,10,,,,,,,,,,,,,
04/10/18 17:26,"alumnenum33@elpuig.xeill.net","AF","El centre",,,,,,,,,,,,,,,,,,,8,6,8,2,1,5,
04/10/18 17:27,"alumnenum30@elpuig.xeill.net","AF","El centre",,,,,,,,,,,,,,,,,,,10,10,6,1,1,10,"Comentari genèric de millora de centre 6"
04/10/18 17:27,"alumnenum42@elpuig.xeill.net","AF","Tutoria 1r curs",,,,,,,,,,10,10,10,"Comentari genèric de millora de tutoria 10",,,,,,,,,,,,
04/10/18 17:28,"alumnenum30@elpuig.xeill.net","AF","Tutoria 1r curs",,,,,,,,,,10,10,10,"Comentari genèric de millora de tutoria 11",,,,,,,,,,,,
04/10/18 17:28,"alumnenum34@elpuig.xeill.net","AF","El centre",,,,,,,,,,,,,,,,,,,7,8,6,5,5,6,
04/10/18 17:29,"alumnenum29@elpuig.xeill.net","AF","El centre",,,,,,,,,,,,,,,,,,,7,9,6,7,8,10,"Comentari genèric de millora de centre 7"
04/10/18 17:32,"alumnenum45@elpuig.xeill.net","AF","Tutoria 1r curs",,,,,,,,,,1,8,9,"Comentari genèric de millora de tutoria 12",,,,,,,,,,,,
04/10/18 17:34,"alumnenum47@elpuig.xeill.net","AF","MP02 - gestió de la documentació jurídica i empresarial",,,,,9,7,9,8,,,,,,,,,,,,,,,,,
04/10/18 17:35,"alumnenum48@elpuig.xeill.net","AF","MP02 - gestió de la documentació jurídica i empresarial",,,,,8,8,9,9,,,,,,,,,,,,,,,,,
04/10/18 17:35,"alumnenum49@elpuig.xeill.net","AF","MP02 - gestió de la documentació jurídica i empresarial",,,,,9,9,8,9,"Comentari genèric de millora de mòdul 74",,,,,,,,,,,,,,,,
04/10/18 17:35,"alumnenum50@elpuig.xeill.net","AF","MP02 - gestió de la documentació jurídica i empresarial",,,,,10,10,10,10,,,,,,,,,,,,,,,,,
04/10/18 17:36,"alumnenum49@elpuig.xeill.net","AF","MP04 - Recursos humans i responsabilitat social corporativa",,,,,7,7,7,7,,,,,,,,,,,,,,,,,
04/10/18 17:36,"alumnenum51@elpuig.xeill.net","AF","MP08 - gestió financera",,,,,8,8,8,8,,,,,,,,,,,,,,,,,
04/10/18 17:36,"alumnenum48@elpuig.xeill.net","AF","MP04 - Recursos humans i responsabilitat social corporativa",,,,,6,6,5,4,"Comentari genèric de millora de mòdul 75",,,,,,,,,,,,,,,,
04/10/18 17:36,"alumnenum52@elpuig.xeill.net","AF","MP02 - gestió de la documentació jurídica i empresarial",,,,,9,7,9,8,"Comentari genèric de millora de mòdul 76",,,,,,,,,,,,,,,,
04/10/18 17:37,"alumnenum26@elpuig.xeill.net","ASIX",,"MP11 - Seguretat i alta disponibilitat",,,,6,7,6,6,"Comentari genèric de millora de mòdul 77",,,,,,,,,,,,,,,,
04/10/18 17:37,"alumnenum50@elpuig.xeill.net","AF","MP06 - Anglès",,,,,7,7,5,5,,,,,,,,,,,,,,,,,
04/10/18 17:37,"alumnenum51@elpuig.xeill.net","AF","MP02 - gestió de la documentació jurídica i empresarial",,,,,7,7,7,7,,,,,,,,,,,,,,,,,
04/10/18 17:37,"alumnenum53@elpuig.xeill.net","AF","MP01 - Comunicació i atenció al client",,,,,7,6,8,8,,,,,,,,,,,,,,,,,
04/10/18 17:37,"alumnenum26@elpuig.xeill.net","ASIX",,"MP14 - Projecte d'Administració de sistemes informàtics en xarxa",,,,7,7,7,7,,,,,,,,,,,,,,,,,
04/10/18 17:37,"alumnenum47@elpuig.xeill.net","AF","MP04 - Recursos humans i responsabilitat social corporativa",,,,,6,6,7,5,"Comentari genèric de millora de mòdul 78",,,,,,,,,,,,,,,,
04/10/18 17:37,"alumnenum54@elpuig.xeill.net","AF","MP01 - Comunicació i atenció al client",,,,,8,8,8,8,,,,,,,,,,,,,,,,,
04/10/18 17:37,"alumnenum50@elpuig.xeill.net","AF","MP08 - gestió financera",,,,,9,7,9,8,,,,,,,,,,,,,,,,,
04/10/18 17:37,"alumnenum53@elpuig.xeill.net","AF","MP02 - gestió de la documentació jurídica i empresarial",,,,,7,7,7,7,,,,,,,,,,,,,,,,,
04/10/18 17:37,"alumnenum54@elpuig.xeill.net","AF","MP02 - gestió de la documentació jurídica i empresarial",,,,,8,8,8,8,,,,,,,,,,,,,,,,,
04/10/18 17:37,"alumnenum51@elpuig.xeill.net","AF","MP04 - Recursos humans i responsabilitat social corporativa",,,,,3,3,3,3,,,,,,,,,,,,,,,,,
04/10/18 17:37,"alumnenum55@elpuig.xeill.net","AF","MP02 - gestió de la documentació jurídica i empresarial",,,,,10,10,10,10,,,,,,,,,,,,,,,,,
04/10/18 17:37,"alumnenum56@elpuig.xeill.net","AF","MP02 - gestió de la documentació jurídica i empresarial",,,,,10,8,10,10,,,,,,,,,,,,,,,,,
04/10/18 17:38,"alumnenum49@elpuig.xeill.net","AF","MP06 - Anglès",,,,,5,4,3,5,"Comentari genèric de millora de mòdul 79",,,,,,,,,,,,,,,,
04/10/18 17:38,"alumnenum58@elpuig.xeill.net","AF","MP01 - Comunicació i atenció al client",,,,,9,9,9,10,,,,,,,,,,,,,,,,,
04/10/18 17:38,"alumnenum53@elpuig.xeill.net","AF","MP03 - Procès integral de l'activitat comercial",,,,,8,8,8,8,,,,,,,,,,,,,,,,,
04/10/18 17:38,"alumnenum54@elpuig.xeill.net","AF","MP03 - Procès integral de l'activitat comercial",,,,,8,8,8,8,,,,,,,,,,,,,,,,,
04/10/18 17:38,"alumnenum50@elpuig.xeill.net","AF","MP09 -  Comptabilitat i fiscalitat",,,,,8,8,9,9,,,,,,,,,,,,,,,,,
04/10/18 17:38,"alumnenum49@elpuig.xeill.net","AF","MP08 - gestió financera",,,,,8,8,9,9,,,,,,,,,,,,,,,,,
04/10/18 17:38,"alumnenum54@elpuig.xeill.net","AF","MP04 - Recursos humans i responsabilitat social corporativa",,,,,8,8,8,8,,,,,,,,,,,,,,,,,
04/10/18 17:38,"alumnenum55@elpuig.xeill.net","AF","MP04 - Recursos humans i responsabilitat social corporativa",,,,,10,10,10,10,,,,,,,,,,,,,,,,,
04/10/18 17:38,"alumnenum53@elpuig.xeill.net","AF","MP04 - Recursos humans i responsabilitat social corporativa",,,,,6,6,6,6,,,,,,,,,,,,,,,,,
04/10/18 17:38,"alumnenum57@elpuig.xeill.net","AF","MP02 - gestió de la documentació jurídica i empresarial",,,,,10,10,10,10,"Comentari genèric de millora de mòdul 80",,,,,,,,,,,,,,,,
04/10/18 17:38,"alumnenum48@elpuig.xeill.net","AF","MP08 - gestió financera",,,,,9,9,9,8,"Comentari genèric de millora de mòdul 81",,,,,,,,,,,,,,,,
04/10/18 17:38,"alumnenum54@elpuig.xeill.net","AF","MP05 - Ofimàtica i Procès de la informació",,,,,9,9,9,9,,,,,,,,,,,,,,,,,
04/10/18 17:39,"alumnenum53@elpuig.xeill.net","AF","MP05 - Ofimàtica i Procès de la informació",,,,,8,8,8,8,,,,,,,,,,,,,,,,,
04/10/18 17:39,"alumnenum49@elpuig.xeill.net","AF","MP09 -  Comptabilitat i fiscalitat",,,,,9,9,9,9,,,,,,,,,,,,,,,,,
04/10/18 17:39,"alumnenum53@elpuig.xeill.net","AF","MP07 - Gestió de recursos humans",,,,,7,7,7,7,,,,,,,,,,,,,,,,,
04/10/18 17:39,"alumnenum50@elpuig.xeill.net","AF","MP11 - Simulació empresarial",,,,,7,9,9,8,,,,,,,,,,,,,,,,,
04/10/18 17:39,"alumnenum26@elpuig.xeill.net","ASIX",,"Tutoria 2n curs",,,,,,,,,,,,,9,9,6,4,"Comentari genèric de millora de tutoria 3",,,,,,,
04/10/18 17:40,"alumnenum50@elpuig.xeill.net","AF","MP13 - Projecte d'Administració i finances",,,,,8,8,9,9,,,,,,,,,,,,,,,,,
04/10/18 17:40,"alumnenum49@elpuig.xeill.net","AF","Tutoria 2n curs",,,,,,,,,,,,,,7,8,9,9,,,,,,,,
04/10/18 17:40,"alumnenum53@elpuig.xeill.net","AF","MP08 - gestió financera",,,,,7,7,8,8,,,,,,,,,,,,,,,,,
04/10/18 17:40,"alumnenum58@elpuig.xeill.net","AF","MP02 - gestió de la documentació jurídica i empresarial",,,,,9,9,9,10,,,,,,,,,,,,,,,,,
04/10/18 17:40,"alumnenum53@elpuig.xeill.net","AF","MP09 -  Comptabilitat i fiscalitat",,,,,9,8,9,9,,,,,,,,,,,,,,,,,
04/10/18 17:40,"alumnenum54@elpuig.xeill.net","AF","MP06 - Anglès",,,,,5,5,5,5,"Comentari genèric de millora de mòdul 82",,,,,,,,,,,,,,,,
04/10/18 17:41,"alumnenum50@elpuig.xeill.net","AF","Tutoria 2n curs",,,,,,,,,,,,,,7,3,8,7,,,,,,,,
04/10/18 17:41,"alumnenum53@elpuig.xeill.net","AF","MP10 - Gestió logística i comercial",,,,,8,7,8,8,,,,,,,,,,,,,,,,,
04/10/18 17:41,"alumnenum26@elpuig.xeill.net","ASIX",,"El centre",,,,,,,,,,,,,,,,,,8,6,7,6,8,7,
04/10/18 17:41,"alumnenum54@elpuig.xeill.net","AF","MP07 - Gestió de recursos humans",,,,,8,8,8,8,,,,,,,,,,,,,,,,,
04/10/18 17:41,"alumnenum54@elpuig.xeill.net","AF","MP08 - gestió financera",,,,,9,9,9,9,,,,,,,,,,,,,,,,,
04/10/18 17:41,"alumnenum53@elpuig.xeill.net","AF","MP11 - Simulació empresarial",,,,,8,7,8,8,,,,,,,,,,,,,,,,,
04/10/18 17:41,"alumnenum54@elpuig.xeill.net","AF","MP09 -  Comptabilitat i fiscalitat",,,,,8,8,8,8,,,,,,,,,,,,,,,,,
04/10/18 17:41,"alumnenum52@elpuig.xeill.net","AF","MP06 - Anglès",,,,,4,2,2,2,"Comentari genèric de millora de mòdul 83",,,,,,,,,,,,,,,,
04/10/18 17:41,"alumnenum51@elpuig.xeill.net","AF","MP06 - Anglès",,,,,2,2,2,2,"Comentari genèric de millora de mòdul 84",,,,,,,,,,,,,,,,
04/10/18 17:41,"alumnenum49@elpuig.xeill.net","AF","El centre",,,,,,,,,,,,,,,,,,,7,7,8,8,7,7,
04/10/18 17:41,"alumnenum53@elpuig.xeill.net","AF","MP13 - Projecte d'Administració i finances",,,,,8,8,8,8,,,,,,,,,,,,,,,,,
04/10/18 17:42,"alumnenum54@elpuig.xeill.net","AF","MP10 - Gestió logística i comercial",,,,,9,9,9,9,,,,,,,,,,,,,,,,,
04/10/18 17:42,"alumnenum54@elpuig.xeill.net","AF","MP11 - Simulació empresarial",,,,,8,8,8,8,,,,,,,,,,,,,,,,,
04/10/18 17:42,"alumnenum50@elpuig.xeill.net","AF","El centre",,,,,,,,,,,,,,,,,,,8,7,7,7,10,8,
04/10/18 17:42,"alumnenum53@elpuig.xeill.net","AF","Tutoria 1r curs",,,,,,,,,,6,6,6,,,,,,,,,,,,,
04/10/18 17:42,"alumnenum48@elpuig.xeill.net","AF","MP09 -  Comptabilitat i fiscalitat",,,,,8,8,9,7,,,,,,,,,,,,,,,,,
04/10/18 17:42,"alumnenum54@elpuig.xeill.net","AF","MP12 - Formació i orientació laboral",,,,,8,8,8,8,,,,,,,,,,,,,,,,,
04/10/18 17:42,"alumnenum51@elpuig.xeill.net","AF","MP13 - Projecte d'Administració i finances",,,,,3,3,3,3,,,,,,,,,,,,,,,,,
04/10/18 17:42,"alumnenum54@elpuig.xeill.net","AF","MP13 - Projecte d'Administració i finances",,,,,8,8,8,8,,,,,,,,,,,,,,,,,
04/10/18 17:42,"alumnenum53@elpuig.xeill.net","AF","Tutoria 2n curs",,,,,,,,,,,,,,7,5,7,7,,,,,,,,
04/10/18 17:43,"alumnenum48@elpuig.xeill.net","AF","MP12 - Formació i orientació laboral",,,,,8,7,7,6,,,,,,,,,,,,,,,,,
04/10/18 17:43,"alumnenum54@elpuig.xeill.net","AF","El centre",,,,,,,,,,,,,,,,,,,8,8,8,8,8,8,
04/10/18 17:44,"alumnenum55@elpuig.xeill.net","AF","MP06 - Anglès",,,,,10,7,3,3,"Comentari genèric de millora de mòdul 85",,,,,,,,,,,,,,,,
04/10/18 17:43,"alumnenum54@elpuig.xeill.net","AF","Tutoria 1r curs",,,,,,,,,,8,8,8,,,,,,,,,,,,,
04/10/18 17:43,"alumnenum52@elpuig.xeill.net","AF","MP09 -  Comptabilitat i fiscalitat",,,,,8,9,8,8,"Comentari genèric de millora de mòdul 86",,,,,,,,,,,,,,,,
04/10/18 17:43,"alumnenum48@elpuig.xeill.net","AF","MP11 - Simulació empresarial",,,,,6,9,6,9,,,,,,,,,,,,,,,,,
04/10/18 17:43,"alumnenum54@elpuig.xeill.net","AF","Tutoria 2n curs",,,,,,,,,,,,,,8,8,8,8,,,,,,,,
04/10/18 17:43,"alumnenum53@elpuig.xeill.net","AF","El centre",,,,,,,,,,,,,,,,,,,7,7,7,6,8,7,
04/10/18 17:44,"alumnenum48@elpuig.xeill.net","AF","MP13 - Projecte d'Administració i finances",,,,,8,7,6,8,,,,,,,,,,,,,,,,,
04/10/18 17:44,"alumnenum57@elpuig.xeill.net","AF","MP04 - Recursos humans i responsabilitat social corporativa",,,,,4,9,10,5,"Comentari genèric de millora de mòdul 87",,,,,,,,,,,,,,,,
04/10/18 17:44,"alumnenum55@elpuig.xeill.net","AF","MP08 - gestió financera",,,,,10,10,10,10,,,,,,,,,,,,,,,,,
04/10/18 17:44,"alumnenum58@elpuig.xeill.net","AF","MP06 - Anglès",,,,,4,2,3,3,"Comentari genèric de millora de mòdul 88",,,,,,,,,,,,,,,,
04/10/18 17:45,"alumnenum48@elpuig.xeill.net","AF","Tutoria 2n curs",,,,,,,,,,,,,,8,8,8,8,,,,,,,,
04/10/18 17:45,"alumnenum52@elpuig.xeill.net","AF","MP04 - Recursos humans i responsabilitat social corporativa",,,,,7,6,6,7,"Comentari genèric de millora de mòdul 89",,,,,,,,,,,,,,,,
04/10/18 17:45,"alumnenum55@elpuig.xeill.net","AF","MP09 -  Comptabilitat i fiscalitat",,,,,10,10,10,10,,,,,,,,,,,,,,,,,
04/10/18 17:45,"alumnenum55@elpuig.xeill.net","AF","MP13 - Projecte d'Administració i finances",,,,,10,10,10,10,,,,,,,,,,,,,,,,,
04/10/18 17:46,"alumnenum55@elpuig.xeill.net","AF","Tutoria 2n curs",,,,,,,,,,,,,,10,10,10,10,,,,,,,,
04/10/18 17:47,"alumnenum48@elpuig.xeill.net","AF","MP06 - Anglès",,,,,3,8,5,1,"Comentari genèric de millora de mòdul 90",,,,,,,,,,,,,,,,
04/10/18 17:47,"alumnenum57@elpuig.xeill.net","AF","MP06 - Anglès",,,,,3,5,7,4,"Comentari genèric de millora de mòdul 91",,,,,,,,,,,,,,,,
04/10/18 17:47,"alumnenum47@elpuig.xeill.net","AF","MP06 - Anglès",,,,,1,1,1,1,"Comentari genèric de millora de mòdul 92",,,,,,,,,,,,,,,,
04/10/18 17:47,"alumnenum52@elpuig.xeill.net","AF","MP11 - Simulació empresarial",,,,,7,7,7,7,"Comentari genèric de millora de mòdul 93",,,,,,,,,,,,,,,,
04/10/18 17:47,"alumnenum47@elpuig.xeill.net","AF","MP08 - gestió financera",,,,,9,9,9,9,,,,,,,,,,,,,,,,,
04/10/18 17:48,"alumnenum48@elpuig.xeill.net","AF","El centre",,,,,,,,,,,,,,,,,,,8,6,7,5,5,8,
04/10/18 17:48,"alumnenum47@elpuig.xeill.net","AF","MP09 -  Comptabilitat i fiscalitat",,,,,8,9,8,8,,,,,,,,,,,,,,,,,
04/10/18 17:48,"alumnenum56@elpuig.xeill.net","AF","MP06 - Anglès",,,,,6,6,7,6,"Comentari genèric de millora de mòdul 94",,,,,,,,,,,,,,,,
04/10/18 17:48,"alumnenum58@elpuig.xeill.net","AF","MP04 - Recursos humans i responsabilitat social corporativa",,,,,5,6,6,5,,,,,,,,,,,,,,,,,
04/10/18 17:49,"alumnenum47@elpuig.xeill.net","AF","MP11 - Simulació empresarial",,,,,6,6,6,6,"Comentari genèric de millora de mòdul 95",,,,,,,,,,,,,,,,
04/10/18 17:49,"alumnenum58@elpuig.xeill.net","AF","MP08 - gestió financera",,,,,7,8,7,7,,,,,,,,,,,,,,,,,
04/10/18 17:49,"alumnenum56@elpuig.xeill.net","AF","MP04 - Recursos humans i responsabilitat social corporativa",,,,,10,10,6,10,,,,,,,,,,,,,,,,,
04/10/18 17:49,"alumnenum59@elpuig.xeill.net","AF","MP03 - Procès integral de l'activitat comercial",,,,,7,8,10,8,"Comentari genèric de millora de mòdul 96",,,,,,,,,,,,,,,,
04/10/18 17:50,"alumnenum56@elpuig.xeill.net","AF","MP08 - gestió financera",,,,,10,10,10,10,"Comentari genèric de millora de mòdul 97",,,,,,,,,,,,,,,,
04/10/18 17:50,"alumnenum47@elpuig.xeill.net","AF","El centre",,,,,,,,,,,,,,,,,,,8,9,9,7,8,7,"Comentari genèric de millora de centre 8"
04/10/18 17:50,"alumnenum57@elpuig.xeill.net","AF","MP08 - gestió financera",,,,,10,10,10,10,"Comentari genèric de millora de mòdul 98",,,,,,,,,,,,,,,,
04/10/18 17:51,"alumnenum58@elpuig.xeill.net","AF","MP09 -  Comptabilitat i fiscalitat",,,,,7,6,6,6,"Comentari genèric de millora de mòdul 99",,,,,,,,,,,,,,,,
04/10/18 17:51,"alumnenum56@elpuig.xeill.net","AF","MP09 -  Comptabilitat i fiscalitat",,,,,7,7,7,7,,,,,,,,,,,,,,,,,
04/10/18 17:51,"alumnenum58@elpuig.xeill.net","AF","MP11 - Simulació empresarial",,,,,7,6,6,6,,,,,,,,,,,,,,,,,
04/10/18 17:52,"alumnenum58@elpuig.xeill.net","AF","MP13 - Projecte d'Administració i finances",,,,,6,7,6,6,,,,,,,,,,,,,,,,,
04/10/18 17:52,"alumnenum58@elpuig.xeill.net","AF","Tutoria 2n curs",,,,,,,,,,,,,,8,8,8,8,,,,,,,,
04/10/18 17:52,"alumnenum57@elpuig.xeill.net","AF","MP09 -  Comptabilitat i fiscalitat",,,,,5,5,5,5,"Comentari genèric de millora de mòdul 100",,,,,,,,,,,,,,,,
04/10/18 17:53,"alumnenum58@elpuig.xeill.net","AF","El centre",,,,,,,,,,,,,,,,,,,8,9,8,8,7,9,
04/10/18 17:53,"alumnenum57@elpuig.xeill.net","AF","MP10 - Gestió logística i comercial",,,,,8,8,8,8,"Comentari genèric de millora de mòdul 101",,,,,,,,,,,,,,,,
04/10/18 17:53,"alumnenum57@elpuig.xeill.net","AF","MP11 - Simulació empresarial",,,,,8,8,8,8,,,,,,,,,,,,,,,,,
04/10/18 17:53,"alumnenum56@elpuig.xeill.net","AF","Tutoria 2n curs",,,,,,,,,,,,,,10,10,10,10,"Comentari genèric de millora de tutoria 4",,,,,,,
04/10/18 17:54,"alumnenum59@elpuig.xeill.net","AF","MP08 - gestió financera",,,,,7,8,8,7,"Comentari genèric de millora de mòdul 102",,,,,,,,,,,,,,,,
04/10/18 17:54,"alumnenum57@elpuig.xeill.net","AF","MP13 - Projecte d'Administració i finances",,,,,8,8,8,8,,,,,,,,,,,,,,,,,
04/10/18 17:55,"alumnenum56@elpuig.xeill.net","AF","MP11 - Simulació empresarial",,,,,8,8,8,8,,,,,,,,,,,,,,,,,
04/10/18 17:55,"alumnenum57@elpuig.xeill.net","AF","Tutoria 2n curs",,,,,,,,,,,,,,10,10,10,10,"Comentari genèric de millora de tutoria 5",,,,,,,
04/10/18 17:55,"alumnenum56@elpuig.xeill.net","AF","MP13 - Projecte d'Administració i finances",,,,,8,8,8,8,,,,,,,,,,,,,,,,,
04/10/18 17:56,"alumnenum59@elpuig.xeill.net","AF","MP09 -  Comptabilitat i fiscalitat",,,,,8,8,10,8,"Comentari genèric de millora de mòdul 103",,,,,,,,,,,,,,,,
04/10/18 17:56,"alumnenum57@elpuig.xeill.net","AF","El centre",,,,,,,,,,,,,,,,,,,9,1,5,8,6,2,
04/10/18 17:58,"alumnenum56@elpuig.xeill.net","AF","El centre",,,,,,,,,,,,,,,,,,,8,10,10,8,10,10,"Comentari genèric de millora de centre 9"
04/10/18 18:25,"alumnenum60@elpuig.xeill.net","SMX",,,,,"MP01 - Muntatge i manteniment d'equips",6,10,10,10,"Comentari genèric de millora de mòdul 104",,,,,,,,,,,,,,,,
04/10/18 18:25,"alumnenum61@elpuig.xeill.net","SMX",,,,,"MP01 - Muntatge i manteniment d'equips",8,8,6,9,,,,,,,,,,,,,,,,,
04/10/18 18:26,"alumnenum62@elpuig.xeill.net","SMX",,,,,"MP01 - Muntatge i manteniment d'equips",5,5,6,5,"Comentari genèric de millora de mòdul 105",,,,,,,,,,,,,,,,
04/10/18 18:26,"alumnenum62@elpuig.xeill.net","SMX",,,,,"MP02 - Sistemes operatius monolloc",6,7,6,6,,,,,,,,,,,,,,,,,
04/10/18 18:26,"alumnenum63@elpuig.xeill.net","SMX",,,,,"MP01 - Muntatge i manteniment d'equips",8,10,9,10,,,,,,,,,,,,,,,,,
04/10/18 18:26,"alumnenum64@elpuig.xeill.net","SMX",,,,,"MP01 - Muntatge i manteniment d'equips",7,10,9,9,,,,,,,,,,,,,,,,,
04/10/18 18:26,"alumnenum65@elpuig.xeill.net","SMX",,,,,"MP01 - Muntatge i manteniment d'equips",7,10,10,9,,,,,,,,,,,,,,,,,
04/10/18 18:26,"alumnenum66@elpuig.xeill.net","SMX",,,,,"MP01 - Muntatge i manteniment d'equips",7,9,9,9,,,,,,,,,,,,,,,,,
04/10/18 18:27,"alumnenum60@elpuig.xeill.net","SMX",,,,,"MP02 - Sistemes operatius monolloc",4,3,4,5,"Comentari genèric de millora de mòdul 106",,,,,,,,,,,,,,,,
04/10/18 18:27,"alumnenum67@elpuig.xeill.net","SMX",,,,,"MP01 - Muntatge i manteniment d'equips",3,8,1,9,"Comentari genèric de millora de mòdul 107",,,,,,,,,,,,,,,,
04/10/18 18:27,"alumnenum62@elpuig.xeill.net","SMX",,,,,"MP03 - Aplicacions ofimàtiques",8,8,7,7,,,,,,,,,,,,,,,,,
04/10/18 18:27,"alumnenum64@elpuig.xeill.net","SMX",,,,,"MP02 - Sistemes operatius monolloc",9,9,9,9,,,,,,,,,,,,,,,,,
04/10/18 18:27,"alumnenum61@elpuig.xeill.net","SMX",,,,,"MP02 - Sistemes operatius monolloc",7,6,8,8,,,,,,,,,,,,,,,,,
04/10/18 18:27,"alumnenum68@elpuig.xeill.net","SMX",,,,,"MP01 - Muntatge i manteniment d'equips",4,8,9,6,"Comentari genèric de millora de mòdul 108",,,,,,,,,,,,,,,,
04/10/18 18:27,"alumnenum60@elpuig.xeill.net","SMX",,,,,"MP03 - Aplicacions ofimàtiques",7,7,10,10,,,,,,,,,,,,,,,,,
04/10/18 18:27,"alumnenum66@elpuig.xeill.net","SMX",,,,,"MP02 - Sistemes operatius monolloc",9,9,9,6,,,,,,,,,,,,,,,,,
04/10/18 18:27,"alumnenum69@elpuig.xeill.net","SMX",,,,,"MP01 - Muntatge i manteniment d'equips",5,6,8,7,"Comentari genèric de millora de mòdul 109",,,,,,,,,,,,,,,,
04/10/18 18:27,"alumnenum64@elpuig.xeill.net","SMX",,,,,"MP03 - Aplicacions ofimàtiques",8,9,7,9,,,,,,,,,,,,,,,,,
04/10/18 18:28,"alumnenum63@elpuig.xeill.net","SMX",,,,,"MP02 - Sistemes operatius monolloc",8,6,8,5,,,,,,,,,,,,,,,,,
04/10/18 18:28,"alumnenum66@elpuig.xeill.net","SMX",,,,,"MP03 - Aplicacions ofimàtiques",10,10,10,10,,,,,,,,,,,,,,,,,
04/10/18 18:28,"alumnenum62@elpuig.xeill.net","SMX",,,,,"MP05 - Xarxes locals",6,6,5,5,"Comentari genèric de millora de mòdul 110",,,,,,,,,,,,,,,,
04/10/18 18:28,"alumnenum63@elpuig.xeill.net","SMX",,,,,"MP03 - Aplicacions ofimàtiques",8,6,7,6,,,,,,,,,,,,,,,,,
04/10/18 18:28,"alumnenum65@elpuig.xeill.net","SMX",,,,,"MP02 - Sistemes operatius monolloc",8,10,10,6,,,,,,,,,,,,,,,,,
04/10/18 18:28,"alumnenum70@elpuig.xeill.net","SMX",,,,,"MP01 - Muntatge i manteniment d'equips",4,5,7,3,"Comentari genèric de millora de mòdul 111",,,,,,,,,,,,,,,,
04/10/18 18:28,"alumnenum60@elpuig.xeill.net","SMX",,,,,"MP04 - Sistemes operatius en xarxa",6,7,8,8,,,,,,,,,,,,,,,,,
04/10/18 18:28,"alumnenum68@elpuig.xeill.net","SMX",,,,,"MP02 - Sistemes operatius monolloc",9,9,9,9,,,,,,,,,,,,,,,,,
04/10/18 18:28,"alumnenum64@elpuig.xeill.net","SMX",,,,,"MP05 - Xarxes locals",9,10,10,10,,,,,,,,,,,,,,,,,
04/10/18 18:28,"alumnenum62@elpuig.xeill.net","SMX",,,,,"MP09 -  Formació i orientació laboral",7,6,7,6,,,,,,,,,,,,,,,,,
04/10/18 18:29,"alumnenum63@elpuig.xeill.net","SMX",,,,,"MP05 - Xarxes locals",9,10,9,9,,,,,,,,,,,,,,,,,
04/10/18 18:29,"alumnenum65@elpuig.xeill.net","SMX",,,,,"MP03 - Aplicacions ofimàtiques",8,10,8,8,,,,,,,,,,,,,,,,,
04/10/18 18:29,"alumnenum64@elpuig.xeill.net","SMX",,,,,"MP05 - Xarxes locals",10,10,10,9,,,,,,,,,,,,,,,,,
04/10/18 18:29,"alumnenum69@elpuig.xeill.net","SMX",,,,,"MP02 - Sistemes operatius monolloc",7,7,9,8,,,,,,,,,,,,,,,,,
04/10/18 18:29,"alumnenum66@elpuig.xeill.net","SMX",,,,,"MP05 - Xarxes locals",7,9,10,8,,,,,,,,,,,,,,,,,
04/10/18 18:29,"alumnenum62@elpuig.xeill.net","SMX",,,,,"MP11 - Anglès tècnic",4,5,5,4,,,,,,,,,,,,,,,,,
04/10/18 18:29,"alumnenum67@elpuig.xeill.net","SMX",,,,,"MP02 - Sistemes operatius monolloc",3,7,1,8,"Comentari genèric de millora de mòdul 112",,,,,,,,,,,,,,,,
04/10/18 18:29,"alumnenum63@elpuig.xeill.net","SMX",,,,,"MP09 -  Formació i orientació laboral",9,6,10,5,,,,,,,,,,,,,,,,,
04/10/18 18:29,"alumnenum70@elpuig.xeill.net","SMX",,,,,"MP02 - Sistemes operatius monolloc",9,5,7,7,,,,,,,,,,,,,,,,,
04/10/18 18:29,"alumnenum68@elpuig.xeill.net","SMX",,,,,"MP03 - Aplicacions ofimàtiques",9,9,9,8,,,,,,,,,,,,,,,,,
04/10/18 18:29,"alumnenum65@elpuig.xeill.net","SMX",,,,,"MP04 - Sistemes operatius en xarxa",9,10,10,10,,,,,,,,,,,,,,,,,
04/10/18 18:29,"alumnenum60@elpuig.xeill.net","SMX",,,,,"MP05 - Xarxes locals",10,10,10,10,"Comentari genèric de millora de mòdul 113",,,,,,,,,,,,,,,,
04/10/18 18:29,"alumnenum64@elpuig.xeill.net","SMX",,,,,"MP09 -  Formació i orientació laboral",6,5,8,5,,,,,,,,,,,,,,,,,
04/10/18 18:29,"alumnenum66@elpuig.xeill.net","SMX",,,,,"MP09 -  Formació i orientació laboral",9,10,9,9,,,,,,,,,,,,,,,,,
04/10/18 18:30,"alumnenum61@elpuig.xeill.net","SMX",,,,,"MP03 - Aplicacions ofimàtiques",6,7,5,8,,,,,,,,,,,,,,,,,
04/10/18 18:30,"alumnenum67@elpuig.xeill.net","SMX",,,,,"MP03 - Aplicacions ofimàtiques",3,7,1,8,"Comentari genèric de millora de mòdul 114",,,,,,,,,,,,,,,,
04/10/18 18:30,"alumnenum64@elpuig.xeill.net","SMX",,,,,"MP11 - Anglès tècnic",7,7,10,8,,,,,,,,,,,,,,,,,
04/10/18 18:30,"alumnenum62@elpuig.xeill.net","SMX",,,,,"Tutoria 1r curs",,,,,,3,5,4,,,,,,,,,,,,,
04/10/18 18:30,"alumnenum63@elpuig.xeill.net","SMX",,,,,"MP11 - Anglès tècnic",5,8,10,4,,,,,,,,,,,,,,,,,
04/10/18 18:30,"alumnenum69@elpuig.xeill.net","SMX",,,,,"MP03 - Aplicacions ofimàtiques",8,7,8,7,,,,,,,,,,,,,,,,,
04/10/18 18:30,"alumnenum65@elpuig.xeill.net","SMX",,,,,"MP09 -  Formació i orientació laboral",10,7,10,10,,,,,,,,,,,,,,,,,
04/10/18 18:30,"alumnenum70@elpuig.xeill.net","SMX",,,,,"MP03 - Aplicacions ofimàtiques",7,9,10,10,,,,,,,,,,,,,,,,,
04/10/18 18:31,"alumnenum67@elpuig.xeill.net","SMX",,,,,"MP04 - Sistemes operatius en xarxa",3,7,1,8,"Comentari genèric de millora de mòdul 115",,,,,,,,,,,,,,,,
04/10/18 18:31,"alumnenum60@elpuig.xeill.net","SMX",,,,,"MP11 - Anglès tècnic",3,4,4,8,,,,,,,,,,,,,,,,,
04/10/18 18:31,"alumnenum65@elpuig.xeill.net","SMX",,,,,"MP11 - Anglès tècnic",10,9,10,9,,,,,,,,,,,,,,,,,
04/10/18 18:31,"alumnenum66@elpuig.xeill.net","SMX",,,,,"MP11 - Anglès tècnic",5,9,5,5,,,,,,,,,,,,,,,,,
04/10/18 18:31,"alumnenum61@elpuig.xeill.net","SMX",,,,,"MP05 - Xarxes locals",7,7,8,8,,,,,,,,,,,,,,,,,
04/10/18 18:31,"alumnenum69@elpuig.xeill.net","SMX",,,,,"MP05 - Xarxes locals",6,7,10,7,,,,,,,,,,,,,,,,,
04/10/18 18:31,"alumnenum64@elpuig.xeill.net","SMX",,,,,"Tutoria 1r curs",,,,,,8,8,8,,,,,,,,,,,,,
04/10/18 18:32,"alumnenum67@elpuig.xeill.net","SMX",,,,,"MP05 - Xarxes locals",3,7,1,8,"Comentari genèric de millora de mòdul 116",,,,,,,,,,,,,,,,
04/10/18 18:32,"alumnenum63@elpuig.xeill.net","SMX",,,,,"Tutoria 1r curs",,,,,,7,8,5,,,,,,,,,,,,,
04/10/18 18:32,"alumnenum65@elpuig.xeill.net","SMX",,,,,"Tutoria 1r curs",,,,,,8,8,6,,,,,,,,,,,,,
04/10/18 18:32,"alumnenum60@elpuig.xeill.net","SMX",,,,,"Tutoria 1r curs",,,,,,10,10,10,"Comentari genèric de millora de tutoria 13",,,,,,,,,,,,
04/10/18 18:32,"alumnenum70@elpuig.xeill.net","SMX",,,,,"MP05 - Xarxes locals",4,7,6,4,,,,,,,,,,,,,,,,,
04/10/18 18:33,"alumnenum66@elpuig.xeill.net","SMX",,,,,"Tutoria 1r curs",,,,,,6,6,7,,,,,,,,,,,,,
04/10/18 18:33,"alumnenum67@elpuig.xeill.net","SMX",,,,,"MP09 -  Formació i orientació laboral",6,8,7,7,,,,,,,,,,,,,,,,,
04/10/18 18:33,"alumnenum70@elpuig.xeill.net","SMX",,,,,"MP09 -  Formació i orientació laboral",3,7,5,5,,,,,,,,,,,,,,,,,
04/10/18 18:33,"alumnenum68@elpuig.xeill.net","SMX",,,,,"MP05 - Xarxes locals",3,2,5,4,,,,,,,,,,,,,,,,,
04/10/18 18:33,"alumnenum69@elpuig.xeill.net","SMX",,,,,"MP09 -  Formació i orientació laboral",8,8,7,7,,,,,,,,,,,,,,,,,
04/10/18 18:33,"alumnenum63@elpuig.xeill.net","SMX",,,,,"El centre",,,,,,,,,,,,,,,8,5,6,6,1,9,
04/10/18 18:33,"alumnenum64@elpuig.xeill.net","SMX",,,,,"El centre",,,,,,,,,,,,,,,7,4,6,5,3,9,
04/10/18 18:33,"alumnenum65@elpuig.xeill.net","SMX",,,,,"El centre",,,,,,,,,,,,,,,10,10,10,10,1,9,
04/10/18 18:34,"alumnenum61@elpuig.xeill.net","SMX",,,,,"MP11 - Anglès tècnic",9,8,9,9,,,,,,,,,,,,,,,,,
04/10/18 18:34,"alumnenum68@elpuig.xeill.net","SMX",,,,,"MP09 -  Formació i orientació laboral",8,9,7,9,,,,,,,,,,,,,,,,,
04/10/18 18:34,"alumnenum70@elpuig.xeill.net","SMX",,,,,"MP11 - Anglès tècnic",1,3,4,4,,,,,,,,,,,,,,,,,
04/10/18 18:34,"alumnenum60@elpuig.xeill.net","SMX",,,,,"El centre",,,,,,,,,,,,,,,10,10,10,10,10,10,"Comentari genèric de millora de centre 10"
04/10/18 18:35,"alumnenum61@elpuig.xeill.net","SMX",,,,,"MP09 -  Formació i orientació laboral",7,7,8,6,,,,,,,,,,,,,,,,,
04/10/18 18:35,"alumnenum70@elpuig.xeill.net","SMX",,,,,"El centre",,,,,,,,,,,,,,,8,8,8,8,1,7,
04/10/18 18:35,"alumnenum69@elpuig.xeill.net","SMX",,,,,"MP11 - Anglès tècnic",5,6,8,5,"Comentari genèric de millora de mòdul 117",,,,,,,,,,,,,,,,
04/10/18 18:35,"alumnenum66@elpuig.xeill.net","SMX",,,,,"El centre",,,,,,,,,,,,,,,9,7,9,8,3,9,
04/10/18 18:35,"alumnenum62@elpuig.xeill.net","SMX",,,,,"El centre",,,,,,,,,,,,,,,8,5,7,3,5,6,"Comentari genèric de millora de centre 11"
04/10/18 18:36,"alumnenum67@elpuig.xeill.net","SMX",,,,,"MP11 - Anglès tècnic",8,8,9,7,,,,,,,,,,,,,,,,,
04/10/18 18:37,"alumnenum67@elpuig.xeill.net","SMX",,,,,"Tutoria 1r curs",,,,,,7,6,7,,,,,,,,,,,,,
04/10/18 18:37,"alumnenum68@elpuig.xeill.net","SMX",,,,,"MP11 - Anglès tècnic",3,9,5,3,,,,,,,,,,,,,,,,,
04/10/18 18:37,"alumnenum69@elpuig.xeill.net","SMX",,,,,"El centre",,,,,,,,,,,,,,,8,7,7,8,6,7,
04/10/18 18:38,"alumnenum67@elpuig.xeill.net","SMX",,,,,"El centre",,,,,,,,,,,,,,,8,6,8,7,1,6,"Comentari genèric de millora de centre 12"
04/10/18 18:38,"alumnenum68@elpuig.xeill.net","SMX",,,,,"El centre",,,,,,,,,,,,,,,10,9,10,9,1,9,
04/10/18 18:48,"alumnenum71@elpuig.xeill.net","SMX",,,,,"MP04 - Sistemes operatius en xarxa",9,9,10,10,,,,,,,,,,,,,,,,,
04/10/18 18:48,"alumnenum72@elpuig.xeill.net","SMX",,,,,"MP10 - Empresa i iniciativa emprenedora",8,8,8,8,,,,,,,,,,,,,,,,,
04/10/18 18:48,"alumnenum71@elpuig.xeill.net","SMX",,,,,"MP06 - Seguretat informàtica",1,2,1,1,"Comentari genèric de millora de mòdul 118",,,,,,,,,,,,,,,,
04/10/18 18:49,"alumnenum73@elpuig.xeill.net","SMX",,,,,"MP02 - Sistemes operatius monolloc",10,10,10,10,,,,,,,,,,,,,,,,,
04/10/18 18:49,"alumnenum74@elpuig.xeill.net","SMX",,,,,"MP01 - Muntatge i manteniment d'equips",10,10,10,10,,,,,,,,,,,,,,,,,
04/10/18 18:49,"alumnenum75@elpuig.xeill.net","SMX",,,,,"MP04 - Sistemes operatius en xarxa",6,7,7,8,,,,,,,,,,,,,,,,,
04/10/18 18:49,"alumnenum72@elpuig.xeill.net","SMX",,,,,"MP07 - Serveis de xarxa",10,10,10,10,"Comentari genèric de millora de mòdul 119",,,,,,,,,,,,,,,,
04/10/18 18:49,"alumnenum76@elpuig.xeill.net","SMX",,,,,"MP04 - Sistemes operatius en xarxa",9,9,9,9,,,,,,,,,,,,,,,,,
04/10/18 18:49,"alumnenum77@elpuig.xeill.net","SMX",,,,,"MP04 - Sistemes operatius en xarxa",10,10,9,10,,,,,,,,,,,,,,,,,
04/10/18 18:49,"alumnenum78@elpuig.xeill.net","SMX",,,,,"MP04 - Sistemes operatius en xarxa",3,6,6,7,"Comentari genèric de millora de mòdul 120",,,,,,,,,,,,,,,,
04/10/18 18:49,"alumnenum73@elpuig.xeill.net","SMX",,,,,"MP07 - Serveis de xarxa",4,4,4,4,,,,,,,,,,,,,,,,,
04/10/18 18:49,"alumnenum71@elpuig.xeill.net","SMX",,,,,"MP07 - Serveis de xarxa",3,3,3,1,,,,,,,,,,,,,,,,,
04/10/18 18:49,"alumnenum79@elpuig.xeill.net","SMX",,,,,"MP10 - Empresa i iniciativa emprenedora",6,7,5,7,,,,,,,,,,,,,,,,,
04/10/18 18:49,"alumnenum75@elpuig.xeill.net","SMX",,,,,"MP06 - Seguretat informàtica",5,6,6,5,,,,,,,,,,,,,,,,,
04/10/18 18:49,"alumnenum80@elpuig.xeill.net","SMX",,,,,"MP04 - Sistemes operatius en xarxa",10,10,10,10,,,,,,,,,,,,,,,,,
04/10/18 18:49,"alumnenum72@elpuig.xeill.net","SMX",,,,,"MP06 - Seguretat informàtica",7,8,7,6,,,,,,,,,,,,,,,,,
04/10/18 18:49,"alumnenum81@elpuig.xeill.net","SMX",,,,,"MP04 - Sistemes operatius en xarxa",9,8,10,9,,,,,,,,,,,,,,,,,
04/10/18 18:49,"alumnenum82@elpuig.xeill.net","SMX",,,,,"MP04 - Sistemes operatius en xarxa",7,8,7,6,"Comentari genèric de millora de mòdul 121",,,,,,,,,,,,,,,,
04/10/18 18:49,"alumnenum73@elpuig.xeill.net","SMX",,,,,"MP06 - Seguretat informàtica",3,4,4,4,,,,,,,,,,,,,,,,,
04/10/18 18:49,"alumnenum75@elpuig.xeill.net","SMX",,,,,"MP07 - Serveis de xarxa",8,7,7,8,,,,,,,,,,,,,,,,,
04/10/18 18:49,"alumnenum83@elpuig.xeill.net","SMX",,,,,"MP04 - Sistemes operatius en xarxa",10,9,8,9,,,,,,,,,,,,,,,,,
04/10/18 18:49,"alumnenum73@elpuig.xeill.net","SMX",,,,,"MP06 - Seguretat informàtica",5,5,5,5,,,,,,,,,,,,,,,,,
04/10/18 18:50,"alumnenum72@elpuig.xeill.net","SMX",,,,,"MP04 - Sistemes operatius en xarxa",10,10,10,10,,,,,,,,,,,,,,,,,
04/10/18 18:50,"alumnenum74@elpuig.xeill.net","SMX",,,,,"MP02 - Sistemes operatius monolloc",10,10,8,10,,,,,,,,,,,,,,,,,
04/10/18 18:50,"alumnenum75@elpuig.xeill.net","SMX",,,,,"MP08 - Aplicacions web",10,10,10,10,,,,,,,,,,,,,,,,,
04/10/18 18:50,"alumnenum73@elpuig.xeill.net","SMX",,,,,"MP12 - Síntesi",9,9,9,8,,,,,,,,,,,,,,,,,
04/10/18 18:50,"alumnenum76@elpuig.xeill.net","SMX",,,,,"MP06 - Seguretat informàtica",6,7,5,6,,,,,,,,,,,,,,,,,
04/10/18 18:50,"alumnenum72@elpuig.xeill.net","SMX",,,,,"MP03 - Aplicacions ofimàtiques",10,10,10,10,,,,,,,,,,,,,,,,,
04/10/18 18:50,"alumnenum73@elpuig.xeill.net","SMX",,,,,"MP08 - Aplicacions web",10,10,10,10,,,,,,,,,,,,,,,,,
04/10/18 18:50,"alumnenum79@elpuig.xeill.net","SMX",,,,,"MP08 - Aplicacions web",8,9,9,9,,,,,,,,,,,,,,,,,
04/10/18 18:50,"alumnenum75@elpuig.xeill.net","SMX",,,,,"MP10 - Empresa i iniciativa emprenedora",7,7,6,6,,,,,,,,,,,,,,,,,
04/10/18 18:50,"alumnenum81@elpuig.xeill.net","SMX",,,,,"MP06 - Seguretat informàtica",4,3,5,2,,,,,,,,,,,,,,,,,
04/10/18 18:50,"alumnenum76@elpuig.xeill.net","SMX",,,,,"MP07 - Serveis de xarxa",10,9,8,10,,,,,,,,,,,,,,,,,
04/10/18 18:50,"alumnenum75@elpuig.xeill.net","SMX",,,,,"MP12 - Síntesi",6,5,6,6,,,,,,,,,,,,,,,,,
04/10/18 18:51,"alumnenum82@elpuig.xeill.net","SMX",,,,,"MP06 - Seguretat informàtica",6,7,7,7,"Comentari genèric de millora de mòdul 122",,,,,,,,,,,,,,,,
04/10/18 18:51,"alumnenum74@elpuig.xeill.net","SMX",,,,,"MP06 - Seguretat informàtica",8,8,8,8,,,,,,,,,,,,,,,,,
04/10/18 18:51,"alumnenum75@elpuig.xeill.net","SMX",,,,,"Tutoria 2n curs",,,,,,,,,,6,6,6,6,,,,,,,,
04/10/18 18:51,"alumnenum76@elpuig.xeill.net","SMX",,,,,"MP08 - Aplicacions web",9,9,9,9,,,,,,,,,,,,,,,,,
04/10/18 18:51,"alumnenum73@elpuig.xeill.net","SMX",,,,,"MP10 - Empresa i iniciativa emprenedora",7,7,7,7,,,,,,,,,,,,,,,,,
04/10/18 18:51,"alumnenum79@elpuig.xeill.net","SMX",,,,,"MP07 - Serveis de xarxa",7,6,9,7,,,,,,,,,,,,,,,,,
04/10/18 18:51,"alumnenum78@elpuig.xeill.net","SMX",,,,,"MP06 - Seguretat informàtica",6,6,4,4,"Comentari genèric de millora de mòdul 123",,,,,,,,,,,,,,,,
04/10/18 18:51,"alumnenum81@elpuig.xeill.net","SMX",,,,,"MP07 - Serveis de xarxa",7,7,7,9,,,,,,,,,,,,,,,,,
04/10/18 18:51,"alumnenum80@elpuig.xeill.net","SMX",,,,,"MP06 - Seguretat informàtica",8,8,7,6,"Comentari genèric de millora de mòdul 124",,,,,,,,,,,,,,,,
04/10/18 18:51,"alumnenum74@elpuig.xeill.net","SMX",,,,,"MP07 - Serveis de xarxa",10,10,10,10,,,,,,,,,,,,,,,,,
04/10/18 18:51,"alumnenum76@elpuig.xeill.net","SMX",,,,,"MP10 - Empresa i iniciativa emprenedora",7,7,7,7,,,,,,,,,,,,,,,,,
04/10/18 18:51,"alumnenum77@elpuig.xeill.net","SMX",,,,,"MP06 - Seguretat informàtica",5,4,5,5,,,,,,,,,,,,,,,,,
04/10/18 18:51,"alumnenum74@elpuig.xeill.net","SMX",,,,,"MP08 - Aplicacions web",10,10,10,10,,,,,,,,,,,,,,,,,
04/10/18 18:51,"alumnenum79@elpuig.xeill.net","SMX",,,,,"MP06 - Seguretat informàtica",5,5,5,5,,,,,,,,,,,,,,,,,
04/10/18 18:51,"alumnenum80@elpuig.xeill.net","SMX",,,,,"MP07 - Serveis de xarxa",10,10,10,10,,,,,,,,,,,,,,,,,
04/10/18 18:52,"alumnenum76@elpuig.xeill.net","SMX",,,,,"Tutoria 2n curs",,,,,,,,,,10,10,10,10,,,,,,,,
04/10/18 18:52,"alumnenum83@elpuig.xeill.net","SMX",,,,,"MP06 - Seguretat informàtica",7,8,6,5,,,,,,,,,,,,,,,,,
04/10/18 18:52,"alumnenum84@elpuig.xeill.net","SMX",,,,,"MP07 - Serveis de xarxa",6,10,8,7,,,,,,,,,,,,,,,,,
04/10/18 18:52,"alumnenum74@elpuig.xeill.net","SMX",,,,,"MP04 - Sistemes operatius en xarxa",10,10,10,10,,,,,,,,,,,,,,,,,
04/10/18 18:52,"alumnenum80@elpuig.xeill.net","SMX",,,,,"MP08 - Aplicacions web",10,10,10,10,,,,,,,,,,,,,,,,,
04/10/18 18:52,"alumnenum79@elpuig.xeill.net","SMX",,,,,"MP04 - Sistemes operatius en xarxa",5,5,8,8,,,,,,,,,,,,,,,,,
04/10/18 18:52,"alumnenum77@elpuig.xeill.net","SMX",,,,,"MP07 - Serveis de xarxa",9,9,10,10,,,,,,,,,,,,,,,,,
04/10/18 18:52,"alumnenum76@elpuig.xeill.net","SMX",,,,,"MP12 - Síntesi",7,7,6,7,,,,,,,,,,,,,,,,,
04/10/18 18:52,"alumnenum80@elpuig.xeill.net","SMX",,,,,"MP10 - Empresa i iniciativa emprenedora",9,10,9,9,,,,,,,,,,,,,,,,,
04/10/18 18:52,"alumnenum84@elpuig.xeill.net","SMX",,,,,"MP08 - Aplicacions web",10,10,10,10,,,,,,,,,,,,,,,,,
04/10/18 18:52,"alumnenum74@elpuig.xeill.net","SMX",,,,,"El centre",,,,,,,,,,,,,,,10,10,10,10,10,10,
04/10/18 18:52,"alumnenum83@elpuig.xeill.net","SMX",,,,,"MP07 - Serveis de xarxa",10,10,10,10,,,,,,,,,,,,,,,,,
04/10/18 18:53,"alumnenum78@elpuig.xeill.net","SMX",,,,,"MP07 - Serveis de xarxa",9,7,9,9,"Comentari genèric de millora de mòdul 125",,,,,,,,,,,,,,,,
04/10/18 18:53,"alumnenum84@elpuig.xeill.net","SMX",,,,,"MP04 - Sistemes operatius en xarxa",10,10,10,10,,,,,,,,,,,,,,,,,
04/10/18 18:53,"alumnenum79@elpuig.xeill.net","SMX",,,,,"MP12 - Síntesi",6,5,5,5,,,,,,,,,,,,,,,,,
04/10/18 18:53,"alumnenum77@elpuig.xeill.net","SMX",,,,,"MP08 - Aplicacions web",8,9,8,8,,,,,,,,,,,,,,,,,
04/10/18 18:53,"alumnenum76@elpuig.xeill.net","SMX",,,,,"El centre",,,,,,,,,,,,,,,8,8,6,8,5,9,
04/10/18 18:53,"alumnenum81@elpuig.xeill.net","SMX",,,,,"MP08 - Aplicacions web",8,7,8,8,,,,,,,,,,,,,,,,,
04/10/18 18:53,"alumnenum80@elpuig.xeill.net","SMX",,,,,"MP12 - Síntesi",9,9,10,9,,,,,,,,,,,,,,,,,
04/10/18 18:53,"alumnenum83@elpuig.xeill.net","SMX",,,,,"MP08 - Aplicacions web",10,10,10,10,,,,,,,,,,,,,,,,,
04/10/18 18:53,"alumnenum81@elpuig.xeill.net","SMX",,,,,"MP10 - Empresa i iniciativa emprenedora",8,8,8,8,,,,,,,,,,,,,,,,,
04/10/18 18:53,"alumnenum73@elpuig.xeill.net","SMX",,,,,"MP07 - Serveis de xarxa",10,10,10,10,"Comentari genèric de millora de mòdul 126",,,,,,,,,,,,,,,,
04/10/18 18:53,"alumnenum84@elpuig.xeill.net","SMX",,,,,"MP06 - Seguretat informàtica",6,9,7,7,,,,,,,,,,,,,,,,,
04/10/18 18:53,"alumnenum83@elpuig.xeill.net","SMX",,,,,"MP10 - Empresa i iniciativa emprenedora",9,9,9,9,,,,,,,,,,,,,,,,,
04/10/18 18:53,"alumnenum80@elpuig.xeill.net","SMX",,,,,"Tutoria 2n curs",,,,,,,,,,10,10,10,10,,,,,,,,
04/10/18 18:53,"alumnenum78@elpuig.xeill.net","SMX",,,,,"MP08 - Aplicacions web",8,9,9,9,"Comentari genèric de millora de mòdul 127",,,,,,,,,,,,,,,,
04/10/18 18:53,"alumnenum77@elpuig.xeill.net","SMX",,,,,"MP10 - Empresa i iniciativa emprenedora",8,9,6,7,,,,,,,,,,,,,,,,,
04/10/18 18:54,"alumnenum74@elpuig.xeill.net","SMX",,,,,"MP12 - Síntesi",10,10,10,10,,,,,,,,,,,,,,,,,
04/10/18 18:54,"alumnenum81@elpuig.xeill.net","SMX",,,,,"MP12 - Síntesi",4,2,1,3,,,,,,,,,,,,,,,,,
04/10/18 18:54,"alumnenum72@elpuig.xeill.net","SMX",,,,,"MP12 - Síntesi",9,8,8,8,,,,,,,,,,,,,,,,,
04/10/18 18:54,"alumnenum82@elpuig.xeill.net","SMX",,,,,"MP07 - Serveis de xarxa",8,6,8,8,"Comentari genèric de millora de mòdul 128",,,,,,,,,,,,,,,,
04/10/18 18:54,"alumnenum84@elpuig.xeill.net","SMX",,,,,"MP12 - Síntesi",8,10,8,8,,,,,,,,,,,,,,,,,
04/10/18 18:54,"alumnenum80@elpuig.xeill.net","SMX",,,,,"El centre",,,,,,,,,,,,,,,9,10,10,10,9,10,
04/10/18 18:54,"alumnenum73@elpuig.xeill.net","SMX",,,,,"MP04 - Sistemes operatius en xarxa",10,10,10,10,"Comentari genèric de millora de mòdul 129",,,,,,,,,,,,,,,,
04/10/18 18:54,"alumnenum72@elpuig.xeill.net","SMX",,,,,"Tutoria 2n curs",,,,,,,,,,10,10,10,10,,,,,,,,
04/10/18 18:54,"alumnenum77@elpuig.xeill.net","SMX",,,,,"MP12 - Síntesi",6,6,6,5,,,,,,,,,,,,,,,,,
04/10/18 18:54,"alumnenum78@elpuig.xeill.net","SMX",,,,,"MP10 - Empresa i iniciativa emprenedora",7,9,9,9,"Comentari genèric de millora de mòdul 130",,,,,,,,,,,,,,,,
04/10/18 18:54,"alumnenum74@elpuig.xeill.net","SMX",,,,,"Tutoria 2n curs",,,,,,,,,,10,10,10,10,,,,,,,,
04/10/18 18:54,"alumnenum79@elpuig.xeill.net","SMX",,,,,"Tutoria 2n curs",,,,,,,,,,5,5,5,5,,,,,,,,
04/10/18 18:54,"alumnenum84@elpuig.xeill.net","SMX",,,,,"Tutoria 2n curs",,,,,,,,,,9,9,9,9,,,,,,,,
04/10/18 18:54,"alumnenum83@elpuig.xeill.net","SMX",,,,,"Tutoria 2n curs",,,,,,,,,,10,10,10,10,,,,,,,,
04/10/18 18:55,"alumnenum77@elpuig.xeill.net","SMX",,,,,"Tutoria 2n curs",,,,,,,,,,10,10,10,10,,,,,,,,
04/10/18 18:55,"alumnenum73@elpuig.xeill.net","SMX",,,,,"MP12 - Síntesi",10,10,10,10,,,,,,,,,,,,,,,,,
04/10/18 18:55,"alumnenum82@elpuig.xeill.net","SMX",,,,,"MP08 - Aplicacions web",8,8,8,8,"Comentari genèric de millora de mòdul 131",,,,,,,,,,,,,,,,
04/10/18 18:55,"alumnenum84@elpuig.xeill.net","SMX",,,,,"MP10 - Empresa i iniciativa emprenedora",6,8,7,6,,,,,,,,,,,,,,,,,
04/10/18 18:55,"alumnenum83@elpuig.xeill.net","SMX",,,,,"MP12 - Síntesi",9,9,10,9,,,,,,,,,,,,,,,,,
04/10/18 18:55,"alumnenum78@elpuig.xeill.net","SMX",,,,,"MP12 - Síntesi",8,8,7,6,"Comentari genèric de millora de mòdul 132",,,,,,,,,,,,,,,,
04/10/18 18:56,"alumnenum73@elpuig.xeill.net","SMX",,,,,"Tutoria 2n curs",,,,,,,,,,10,10,10,10,"Comentari genèric de millora de tutoria 6",,,,,,,
04/10/18 18:56,"alumnenum82@elpuig.xeill.net","SMX",,,,,"MP10 - Empresa i iniciativa emprenedora",8,8,7,7,"Comentari genèric de millora de mòdul 133",,,,,,,,,,,,,,,,
04/10/18 18:57,"alumnenum78@elpuig.xeill.net","SMX",,,,,"Tutoria 2n curs",,,,,,,,,,1,3,6,5,"Comentari genèric de millora de tutoria 7",,,,,,,
04/10/18 18:58,"alumnenum82@elpuig.xeill.net","SMX",,,,,"MP12 - Síntesi",6,6,6,6,"Comentari genèric de millora de mòdul 134",,,,,,,,,,,,,,,,
04/10/18 18:59,"alumnenum77@elpuig.xeill.net","SMX",,,,,"El centre",,,,,,,,,,,,,,,8,7,8,6,6,7,"Comentari genèric de millora de centre 13"
04/10/18 19:00,"alumnenum82@elpuig.xeill.net","SMX",,,,,"Tutoria 2n curs",,,,,,,,,,5,5,5,5,"Comentari genèric de millora de tutoria 8",,,,,,,
04/10/18 19:02,"alumnenum82@elpuig.xeill.net","SMX",,,,,"El centre",,,,,,,,,,,,,,,7,5,5,6,5,5,
04/10/18 19:02,"alumnenum78@elpuig.xeill.net","SMX",,,,,"El centre",,,,,,,,,,,,,,,9,7,3,5,3,5,"Comentari genèric de millora de centre 14"
